word,zipf_score,word_length,syllable_count,domain_specificity,wordnet_depth,corpus_freq,sim_layman,sim_student,sim_professional,seed_gap_LP,seed_gap_LS,confidence,label
lakshminarayana,0.0,15,5,12.054131835006995,0.0,5,0.25354212522506714,0.19758130609989166,0.26043805480003357,-0.006895929574966431,0.055960819125175476,1.0,PROFESSIONAL
mamladar,0.0,8,2,11.137849833779722,0.0,2,0.30127817392349243,0.28829774260520935,0.3126838803291321,-0.011405706405639648,0.012980431318283081,1.0,PROFESSIONAL
unalienated,0.0,11,4,11.830989738805892,0.0,4,0.39116716384887695,0.36279112100601196,0.49492424726486206,-0.10375708341598511,0.02837604284286499,1.0,PROFESSIONAL
mamlatdar,0.0,9,3,12.842586020571684,0.0,11,0.29890063405036926,0.261980801820755,0.33582741022109985,-0.03692677617073059,0.03691983222961426,1.0,PROFESSIONAL
isarwada,0.0,8,3,12.64191591303614,0.0,9,0.33379891514778137,0.2901245951652527,0.34969234466552734,-0.01589342951774597,0.043674319982528687,1.0,PROFESSIONAL
alienations,0.0,11,4,12.054131835006995,7.666666666666667,5,0.35945892333984375,0.30630871653556824,0.44308608770370483,-0.08362716436386108,0.05315020680427551,1.0,PROFESSIONAL
sabarkantha,0.0,11,1,12.236452421724369,0.0,6,0.3599937856197357,0.3189825117588043,0.35971304774284363,0.00028073787689208984,0.041011273860931396,1.0,PROFESSIONAL
indlaw,0.0,6,3,13.33506147679708,0.0,18,0.37525808811187744,0.4315619170665741,0.4841073155403137,-0.10884922742843628,-0.056303828954696655,1.0,PROFESSIONAL
hajur,0.0,5,1,11.543310091537919,0.0,3,0.34222057461738586,0.3210744857788086,0.36182907223701477,-0.019608497619628906,0.02114608883857727,1.0,PROFESSIONAL
jivarak,0.0,7,1,11.543310091537919,0.0,3,0.37198111414909363,0.29187798500061035,0.3296242952346802,0.04235681891441345,0.08010312914848328,1.0,PROFESSIONAL
kapoda,0.0,6,2,12.747276105334375,0.0,10,0.3464563488960266,0.337555468082428,0.3565021753311157,-0.010045826435089111,0.008900880813598633,1.0,PROFESSIONAL
milkiut,0.0,7,2,11.830989738805892,0.0,4,0.4640149474143982,0.35134294629096985,0.37428441643714905,0.08973053097724915,0.11267200112342834,1.0,PROFESSIONAL
chunderbutti,0.0,12,4,12.054131835006995,0.0,5,0.2592043876647949,0.21197430789470673,0.3295784294605255,-0.07037404179573059,0.047230079770088196,1.0,PROFESSIONAL
editionthe,0.0,10,2,11.137849833779722,0.0,2,0.39592620730400085,0.428756445646286,0.43525388836860657,-0.03932768106460571,-0.032830238342285156,1.0,PROFESSIONAL
sushilabala,0.0,11,2,11.543310091537919,0.0,3,0.31339946389198303,0.28282925486564636,0.38023316860198975,-0.06683370471000671,0.03057020902633667,1.0,PROFESSIONAL
wageless,0.0,8,2,12.5241332815791,0.0,8,0.3774213492870331,0.3331068456172943,0.35604429244995117,0.02137705683708191,0.04431450366973877,1.0,PROFESSIONAL
iswar,0.0,5,1,11.137849833779722,0.0,2,0.24161182343959808,0.22152647376060486,0.25357532501220703,-0.011963501572608948,0.020085349678993225,1.0,PROFESSIONAL
poramboke,0.0,9,1,11.137849833779722,0.0,2,0.35481610894203186,0.30005547404289246,0.37017858028411865,-0.015362471342086792,0.054760634899139404,1.0,PROFESSIONAL
issur,0.0,5,2,11.830989738805892,0.0,4,0.360662043094635,0.40222597122192383,0.45755523443222046,-0.09689319133758545,-0.04156392812728882,1.0,PROFESSIONAL
jnanendra,0.0,9,3,11.830989738805892,0.0,4,0.32794708013534546,0.36334532499313354,0.387576162815094,-0.059629082679748535,-0.035398244857788086,1.0,PROFESSIONAL
peishkar,0.0,8,1,12.054131835006995,0.0,5,0.36523374915122986,0.32128623127937317,0.3549594283103943,0.010274320840835571,0.04394751787185669,1.0,PROFESSIONAL
debutter,0.0,8,3,11.137849833779722,0.0,2,0.3234544098377228,0.2993110716342926,0.3264159858226776,-0.002961575984954834,0.024143338203430176,1.0,PROFESSIONAL
functus,0.0,7,2,11.137849833779722,0.0,2,0.30410224199295044,0.28739380836486816,0.3180520534515381,-0.013949811458587646,0.016708433628082275,1.0,PROFESSIONAL
golap,0.0,5,1,12.236452421724369,0.0,6,0.4065208435058594,0.343665212392807,0.3816601634025574,0.024860680103302002,0.06285563111305237,1.0,PROFESSIONAL
ranganayaki,0.0,11,2,12.054131835006995,0.0,5,0.39328861236572266,0.3230307400226593,0.3487209379673004,0.04456767439842224,0.07025787234306335,1.0,PROFESSIONAL
subbaiah,0.0,8,3,11.543310091537919,0.0,3,0.3745766282081604,0.30770814418792725,0.3919926583766937,-0.017416030168533325,0.06686848402023315,1.0,PROFESSIONAL
retrospectivity,0.0,15,4,12.054131835006995,0.0,5,0.29312199354171753,0.3131959140300751,0.40508928894996643,-0.1119672954082489,-0.020073920488357544,1.0,PROFESSIONAL
billimoria,0.0,10,4,11.830989738805892,0.0,4,0.3124619722366333,0.3052162230014801,0.3908478319644928,-0.0783858597278595,0.007245749235153198,1.0,PROFESSIONAL
misjoinder,0.0,10,3,12.842586020571684,0.0,11,0.3893309235572815,0.41114363074302673,0.4996543228626251,-0.11032339930534363,-0.02181270718574524,1.0,PROFESSIONAL
awardable,0.0,9,2,11.137849833779722,0.0,2,0.43115508556365967,0.3807905316352844,0.4106684625148773,0.02048662304878235,0.050364553928375244,1.0,PROFESSIONAL
sukhchain,0.0,9,2,12.054131835006995,0.0,5,0.3198329508304596,0.31797900795936584,0.3744983971118927,-0.054665446281433105,0.00185394287109375,1.0,PROFESSIONAL
telu,0.0,4,1,12.842586020571684,0.0,11,0.36403316259384155,0.31731510162353516,0.32276013493537903,0.041273027658462524,0.046718060970306396,1.0,PROFESSIONAL
anakapalli,0.0,10,2,11.543310091537919,0.0,3,0.361294686794281,0.30870914459228516,0.39559000730514526,-0.03429532051086426,0.05258554220199585,1.0,PROFESSIONAL
lusan,0.0,5,1,11.830989738805892,0.0,4,0.33878543972969055,0.2836745083332062,0.3146059811115265,0.024179458618164062,0.055110931396484375,1.0,PROFESSIONAL
shebaits,0.0,8,1,11.543310091537919,0.0,3,0.384420245885849,0.34913986921310425,0.41789349913597107,-0.03347325325012207,0.03528037667274475,1.0,PROFESSIONAL
gamkhar,0.0,7,1,11.543310091537919,0.0,3,0.3488648533821106,0.3509087860584259,0.3409729599952698,0.00789189338684082,-0.0020439326763153076,1.0,PROFESSIONAL
cherikkal,0.0,9,1,11.137849833779722,0.0,2,0.3178408741950989,0.28042852878570557,0.34753894805908203,-0.029698073863983154,0.03741234540939331,1.0,PROFESSIONAL
girdawari,0.0,9,1,11.137849833779722,0.0,2,0.3019302785396576,0.23008722066879272,0.30429208278656006,-0.002361804246902466,0.07184305787086487,1.0,PROFESSIONAL
sriman,0.0,6,3,11.137849833779722,0.0,2,0.3752695322036743,0.3631947934627533,0.4029899835586548,-0.02772045135498047,0.01207473874092102,1.0,PROFESSIONAL
salagram,0.0,8,3,11.543310091537919,0.0,3,0.362997442483902,0.33874738216400146,0.3929746747016907,-0.029977232217788696,0.024250060319900513,1.0,PROFESSIONAL
cattahs,0.0,7,2,11.137849833779722,0.0,2,0.3757382929325104,0.31379589438438416,0.3602443337440491,0.015493959188461304,0.06194239854812622,1.0,PROFESSIONAL
illom,0.0,5,2,13.33506147679708,0.0,18,0.35556942224502563,0.4141465425491333,0.44893303513526917,-0.09336361289024353,-0.058577120304107666,1.0,PROFESSIONAL
impleaded,0.0,9,2,11.830989738805892,0.0,4,0.3774057626724243,0.3617216646671295,0.42982181906700134,-0.052416056394577026,0.0156840980052948,1.0,PROFESSIONAL
kuthakapattom,0.0,13,2,11.137849833779722,0.0,2,0.2892480492591858,0.25337693095207214,0.31381580233573914,-0.024567753076553345,0.03587111830711365,1.0,PROFESSIONAL
shebait,0.0,7,1,12.747276105334375,0.0,10,0.35522618889808655,0.3258460462093353,0.3927498757839203,-0.03752368688583374,0.02938014268875122,1.0,PROFESSIONAL
emblements,0.0,10,3,11.830989738805892,0.0,4,0.3233380913734436,0.38052523136138916,0.4210062623023987,-0.09766817092895508,-0.05718713998794556,1.0,PROFESSIONAL
bhimasankaram,0.0,13,4,13.389128612972598,0.0,19,0.34338778257369995,0.3098239004611969,0.3573154807090759,-0.013927698135375977,0.03356388211250305,1.0,PROFESSIONAL
ramalakshmi,0.0,11,2,12.5241332815791,0.0,8,0.31537431478500366,0.3156493902206421,0.34007981419563293,-0.024705499410629272,-0.00027507543563842773,1.0,PROFESSIONAL
subbaramayya,0.0,12,3,11.137849833779722,0.0,2,0.36116060614585876,0.3031960725784302,0.38175997138023376,-0.020599365234375,0.05796453356742859,1.0,PROFESSIONAL
ahmedpur,0.0,8,2,11.137849833779722,0.0,2,0.30338990688323975,0.30259448289871216,0.30022332072257996,0.00316658616065979,0.0007954239845275879,1.0,PROFESSIONAL
manchili,0.0,8,1,11.137849833779722,0.0,2,0.3254089653491974,0.19224223494529724,0.2621603310108185,0.0632486343383789,0.13316673040390015,1.0,PROFESSIONAL
gokulchand,0.0,10,2,11.137849833779722,0.0,2,0.3066563904285431,0.270016610622406,0.3647150993347168,-0.058058708906173706,0.036639779806137085,0.9999999999999998,PROFESSIONAL
sevayats,0.0,8,2,11.830989738805892,0.0,4,0.28738152980804443,0.34780392050743103,0.39005303382873535,-0.10267150402069092,-0.0604223906993866,0.9999999999999998,PROFESSIONAL
daljitgarh,0.0,10,2,11.543310091537919,0.0,3,0.2196480631828308,0.21625256538391113,0.27096036076545715,-0.05131229758262634,0.0033954977989196777,0.9999999999999998,PROFESSIONAL
sevayat,0.0,7,2,11.543310091537919,0.0,3,0.2895796298980713,0.3621350824832916,0.3933431804180145,-0.10376355051994324,-0.07255545258522034,0.9999999999999997,PROFESSIONAL
mundakayam,0.0,10,1,11.137849833779722,0.0,2,0.2674981653690338,0.27031463384628296,0.3188629746437073,-0.05136480927467346,-0.0028164684772491455,0.9999999999999996,PROFESSIONAL
susilabala,0.0,10,2,11.137849833779722,0.0,2,0.3591126799583435,0.34208348393440247,0.4497763216495514,-0.09066364169120789,0.01702919602394104,0.9999999999999996,PROFESSIONAL
snehalata,0.0,9,3,11.137849833779722,0.0,2,0.2745179831981659,0.26476892828941345,0.3300248682498932,-0.055506885051727295,0.009749054908752441,0.9999999999999994,PROFESSIONAL
dwarkadas,0.0,9,2,11.137849833779722,0.0,2,0.27966275811195374,0.26113444566726685,0.35526221990585327,-0.07559946179389954,0.01852831244468689,0.9999999999999989,PROFESSIONAL
sevait,0.0,6,1,11.137849833779722,0.0,2,0.3208317756652832,0.3591054081916809,0.49307307600975037,-0.17224130034446716,-0.038273632526397705,0.9999999999999147,PROFESSIONAL
averments,0.0,9,2,11.137849833779722,7.0,2,0.3837563693523407,0.46183428168296814,0.5333191156387329,-0.1495627462863922,-0.07807791233062744,0.99999999999973,PROFESSIONAL
jagirs,1.17,6,2,9.970960710295214,0.0,9,0.3467656373977661,0.2837003469467163,0.31570345163345337,0.031062185764312744,0.0630652904510498,0.9999999999984326,PROFESSIONAL
theconstitution,0.0,15,5,11.137849833779722,0.0,2,0.341025710105896,0.49737975001335144,0.5497432351112366,-0.20871752500534058,-0.15635403990745544,0.9999999999980691,PROFESSIONAL
idar,1.28,4,2,9.717689822079059,0.0,9,0.3867846131324768,0.396240770816803,0.40611496567726135,-0.019330352544784546,-0.009456157684326172,0.9999999999976354,PROFESSIONAL
ammal,1.25,5,2,9.199021642638453,0.0,5,0.4494708776473999,0.4192524552345276,0.4263760447502136,0.02309483289718628,0.030218422412872314,0.9999999999965944,PROFESSIONAL
vesco,1.44,5,1,11.229542139251386,0.0,59,0.3359277546405792,0.3162730932235718,0.3207671344280243,0.015160620212554932,0.019654661417007446,0.9999999999955902,PROFESSIONAL
jagir,1.53,5,2,11.022312537957625,0.0,59,0.3487805724143982,0.2938649356365204,0.327343225479126,0.021437346935272217,0.05491563677787781,0.999999999994559,PROFESSIONAL
sarson,1.38,6,2,8.388986196872695,0.0,3,0.4010433852672577,0.31045836210250854,0.28844472765922546,0.11259865760803223,0.09058502316474915,0.9999999999724467,PROFESSIONAL
negatived,1.2,9,3,9.314139898532114,7.0,5,0.3818741738796234,0.32637497782707214,0.33050158619880676,0.05137258768081665,0.05549919605255127,0.9999999999205098,PROFESSIONAL
nagendra,1.52,8,2,9.801053350488978,0.0,17,0.3172450065612793,0.2830585837364197,0.2970496714115143,0.020195335149765015,0.03418642282485962,0.9999999994472132,PROFESSIONAL
dearness,1.63,8,2,10.180274065784749,9.0,32,0.3682520389556885,0.29665476083755493,0.32434141635894775,0.04391062259674072,0.07159727811813354,0.9999999992935074,PROFESSIONAL
tehsildar,1.22,9,3,9.738060677830562,0.0,8,0.3014645576477051,0.33394917845726013,0.3810424208641052,-0.07957786321640015,-0.032484620809555054,0.9999999986574855,PROFESSIONAL
absents,1.24,7,2,8.30590270302646,2.0,2,0.40034019947052,0.38687291741371155,0.38890141248703003,0.01143878698348999,0.013467282056808472,0.9999999978870897,PROFESSIONAL
krishnaswami,1.27,12,2,8.642219683876606,0.0,3,0.31029900908470154,0.26511111855506897,0.33714982867240906,-0.02685081958770752,0.04518789052963257,0.9999999969022949,PROFESSIONAL
halsbury,1.27,8,2,8.236842819227212,0.0,2,0.34370607137680054,0.29328301548957825,0.32403892278671265,0.01966714859008789,0.05042305588722229,0.9999999952472396,PROFESSIONAL
bhupendra,1.31,9,3,8.837766999358998,0.0,4,0.2732186019420624,0.22221195697784424,0.30151769518852234,-0.02829909324645996,0.05100664496421814,0.9999999754277157,PROFESSIONAL
girdhari,1.35,8,2,8.458048574401557,0.0,3,0.3000216484069824,0.27610206604003906,0.32545918226242065,-0.025437533855438232,0.02391958236694336,0.9999999711651277,PROFESSIONAL
sarwan,1.52,6,2,7.661402549869216,0.0,2,0.3225882649421692,0.2605019807815552,0.27822768688201904,0.044360578060150146,0.062086284160614014,0.9999999639635464,PROFESSIONAL
joinder,1.56,7,2,7.569344552276914,0.0,2,0.4216735363006592,0.3732779622077942,0.3800733983516693,0.04160013794898987,0.04839557409286499,0.9999999637680455,PROFESSIONAL
sirsa,1.89,5,1,8.60091873070462,0.0,12,0.3559548854827881,0.3009246289730072,0.3204730749130249,0.035481810569763184,0.055030256509780884,0.9999999634189265,PROFESSIONAL
quilon,1.56,6,2,7.974637635400012,0.0,3,0.38057878613471985,0.3342006504535675,0.394033282995224,-0.01345449686050415,0.046378135681152344,0.9999999623986768,PROFESSIONAL
outstandings,1.19,12,3,8.421005090399827,0.0,2,0.40077653527259827,0.43286484479904175,0.42967215180397034,-0.02889561653137207,-0.03208830952644348,0.9999999355342803,PROFESSIONAL
abetment,1.56,8,2,8.955251815557464,7.0,8,0.39713186025619507,0.38428226113319397,0.4469722807407379,-0.04984042048454285,0.012849599123001099,0.9999999314498839,PROFESSIONAL
triable,1.64,7,2,8.637561883996334,0.0,7,0.346653014421463,0.35189053416252136,0.3828240931034088,-0.0361710786819458,-0.00523751974105835,0.9999999268890751,PROFESSIONAL
gujrati,1.53,7,1,7.638387661652441,0.0,2,0.3647606074810028,0.3328934609889984,0.37163248658180237,-0.0068718791007995605,0.031867146492004395,0.9999998646830004,PROFESSIONAL
magis,1.74,5,2,7.155144213731335,5.0,2,0.38696709275245667,0.33352965116500854,0.33911508321762085,0.047852009534835815,0.05343744158744812,0.9999998317144443,PROFESSIONAL
ranadive,1.5,8,3,7.707433068907486,0.0,2,0.37269821763038635,0.3151644468307495,0.36859527230262756,0.004102945327758789,0.05753377079963684,0.9999998295301621,PROFESSIONAL
immoveable,1.4,10,3,7.937599129870824,1.0,2,0.3521003723144531,0.2910155951976776,0.36410900950431824,-0.012008637189865112,0.06108477711677551,0.9999998147492154,PROFESSIONAL
approver,1.67,8,2,10.148796496248867,9.0,34,0.3792899250984192,0.46535611152648926,0.42539241909980774,-0.04610249400138855,-0.08606618642807007,0.9999998114879363,PROFESSIONAL
sundari,1.76,7,1,8.024929358475863,0.0,5,0.34691163897514343,0.2998405694961548,0.33512282371520996,0.011788815259933472,0.04707106947898865,0.999999810907454,PROFESSIONAL
plaint,1.72,6,1,8.453390941180107,9.0,7,0.38766005635261536,0.34315210580825806,0.4084755778312683,-0.020815521478652954,0.0445079505443573,0.9999997847219902,PROFESSIONAL
subba,1.84,5,1,7.8407887304044355,0.0,5,0.3901846706867218,0.3651617765426636,0.3996794521808624,-0.009494781494140625,0.025022894144058228,0.9999997157589942,PROFESSIONAL
aiyar,1.79,5,1,7.445283286527446,0.0,3,0.3530154228210449,0.3276654779911041,0.3425253629684448,0.010490059852600098,0.025349944829940796,0.9999997100463504,PROFESSIONAL
fructus,1.5,7,1,7.707433068907486,0.0,2,0.2989010512828827,0.30814647674560547,0.3191225826740265,-0.0202215313911438,-0.009245425462722778,0.9999994908825648,PROFESSIONAL
arunachala,1.2,10,3,8.39798436841588,0.0,2,0.21168754994869232,0.22010089457035065,0.2465115487575531,-0.03482399880886078,-0.008413344621658325,0.9999994343447254,PROFESSIONAL
movables,1.36,8,2,8.029671115448782,7.0,2,0.37196585536003113,0.41131657361984253,0.40981191396713257,-0.03784605860710144,-0.0393507182598114,0.9999994099502714,PROFESSIONAL
chari,2.04,5,1,7.562719428201204,7.0,6,0.39872556924819946,0.35987555980682373,0.35568830370903015,0.04303726553916931,0.03885000944137573,0.9999991937386166,PROFESSIONAL
undistributed,1.71,13,4,8.727680072411994,1.0,9,0.3093351125717163,0.3758658170700073,0.49057504534721375,-0.18123993277549744,-0.06653070449829102,0.9999987654953251,PROFESSIONAL
mahalaxmi,1.68,9,2,7.698436923885402,0.0,3,0.32776570320129395,0.29209277033805847,0.3643852472305298,-0.03661954402923584,0.035672932863235474,0.9999986389040884,PROFESSIONAL
chetty,2.07,6,1,7.08849217510058,0.0,4,0.39388954639434814,0.34016796946525574,0.34487253427505493,0.04901701211929321,0.05372157692909241,0.9999979932456022,PROFESSIONAL
murty,1.93,5,1,6.718081490556264,0.0,2,0.4093611240386963,0.3706367015838623,0.39944401383399963,0.009917110204696655,0.038724422454833984,0.9999977394797505,PROFESSIONAL
annas,2.19,5,2,7.21754593832942,8.0,6,0.3801146149635315,0.28593844175338745,0.30112147331237793,0.07899314165115356,0.09417617321014404,0.9999977189924245,PROFESSIONAL
draftsmen,1.76,9,2,8.612570589185422,10.0,9,0.32980671525001526,0.3597108721733093,0.3788131773471832,-0.04900646209716797,-0.029904156923294067,0.9999975886633977,PROFESSIONAL
draughtsmen,1.86,11,2,8.382359152961323,10.0,9,0.358226478099823,0.37613990902900696,0.4569670557975769,-0.0987405776977539,-0.01791343092918396,0.9999968591026575,PROFESSIONAL
purohit,1.89,7,3,7.502674247843055,0.0,4,0.3323060870170593,0.29363730549812317,0.3676236569881439,-0.035317569971084595,0.03866878151893616,0.9999958340887861,PROFESSIONAL
vivos,1.69,5,1,7.270188549490854,0.0,2,0.31567490100860596,0.34440878033638,0.3668011724948883,-0.05112627148628235,-0.028733879327774048,0.9999957576311197,PROFESSIONAL
corrigendum,1.61,11,3,8.147135919866527,8.0,4,0.3015707731246948,0.3260999619960785,0.41642749309539795,-0.11485671997070312,-0.024529188871383667,0.9999951771389415,PROFESSIONAL
ramana,2.17,6,1,7.551071527747497,0.0,8,0.38147884607315063,0.32748106122016907,0.3547973334789276,0.026681512594223022,0.05399778485298157,0.9999951465893019,PROFESSIONAL
handa,2.28,5,1,6.318236976895125,0.0,3,0.4485204815864563,0.3880971670150757,0.3631216883659363,0.08539879322052002,0.060423314571380615,0.9999945402622717,PROFESSIONAL
sree,2.08,4,1,6.373192300450767,0.0,2,0.3767701983451843,0.3290943205356598,0.36874550580978394,0.00802469253540039,0.047675877809524536,0.9999938468553271,PROFESSIONAL
nagpal,1.61,6,2,7.454278260897368,0.0,2,0.30605348944664,0.3548603355884552,0.3853709101676941,-0.07931742072105408,-0.048806846141815186,0.9999936687871267,PROFESSIONAL
spes,1.96,4,1,6.649090390512673,0.0,2,0.37250787019729614,0.3846376836299896,0.3969157934188843,-0.024407923221588135,-0.012129813432693481,0.9999934151907404,PROFESSIONAL
adivasi,1.8,7,2,7.017104785281273,0.0,2,0.30631840229034424,0.27616578340530396,0.2968614995479584,0.009456902742385864,0.030152618885040283,0.9999932222427942,PROFESSIONAL
nonproprietary,1.38,14,5,7.983634761132314,1.0,2,0.3374638557434082,0.3837912678718567,0.4426948130130768,-0.10523095726966858,-0.046327412128448486,0.9999923960416667,PROFESSIONAL
gopala,1.72,6,2,7.20116077152227,0.0,2,0.2786595821380615,0.248906672000885,0.31922757625579834,-0.040567994117736816,0.029752910137176514,0.9999923873561948,PROFESSIONAL
bhat,2.25,4,1,5.9825701958577815,0.0,2,0.4179319441318512,0.34935691952705383,0.3802450895309448,0.03768685460090637,0.06857502460479736,0.9999877695525193,PROFESSIONAL
testator,2.12,8,3,8.764443587453275,8.0,24,0.36732324957847595,0.40534865856170654,0.4137711822986603,-0.046447932720184326,-0.03802540898323059,0.9999871719072722,PROFESSIONAL
referable,1.67,9,2,7.316208926566175,1.0,2,0.43223416805267334,0.4737970232963562,0.43453893065452576,-0.002304762601852417,-0.04156285524368286,0.9999857253682306,PROFESSIONAL
couched,2.46,7,1,5.904697244048332,10.0,3,0.4734247326850891,0.3553772270679474,0.3453657031059265,0.1280590295791626,0.11804750561714172,0.9999839058913648,PROFESSIONAL
rajahmundry,1.77,11,4,7.491308695134223,0.0,3,0.3290366530418396,0.2966808080673218,0.3611597716808319,-0.03212311863899231,0.03235584497451782,0.9999838991935961,PROFESSIONAL
lathi,1.82,5,1,7.376247513769494,10.0,3,0.32288843393325806,0.325518935918808,0.3835808336734772,-0.060692399740219116,-0.0026305019855499268,0.9999814944964556,PROFESSIONAL
averred,1.84,7,1,6.925087862522801,3.5,2,0.4518182575702667,0.4389675557613373,0.489299476146698,-0.037481218576431274,0.012850701808929443,0.9999796098808074,PROFESSIONAL
adduced,2.05,7,2,7.35749042535672,6.0,5,0.3573756217956543,0.33508315682411194,0.3747692406177521,-0.01739361882209778,0.02229246497154236,0.9999777842461699,PROFESSIONAL
misconceived,2.02,12,3,7.426525407030212,3.0,5,0.3578670620918274,0.3326238691806793,0.37351885437965393,-0.015651792287826538,0.02524319291114807,0.9999735514499055,PROFESSIONAL
iyer,2.52,4,2,6.863469923296303,0.0,9,0.3621593415737152,0.3354894816875458,0.34705671668052673,0.015102624893188477,0.026669859886169434,0.9999722270978891,PROFESSIONAL
moti,2.47,4,1,6.573486138223861,0.0,6,0.3874163329601288,0.3642987310886383,0.3466440439224243,0.04077228903770447,0.02311760187149048,0.999971799843878,PROFESSIONAL
dispossessing,1.63,13,4,7.408253844179589,3.0,2,0.3276526629924774,0.314258337020874,0.3416963815689087,-0.014043718576431274,0.013394325971603394,0.9999711534048057,PROFESSIONAL
intestacy,1.64,9,3,7.790500420597429,6.0,3,0.34771814942359924,0.40772584080696106,0.5105222463607788,-0.16280409693717957,-0.060007691383361816,0.9999633754195881,PROFESSIONAL
fitment,2.07,7,2,7.647750189786745,9.0,7,0.42307958006858826,0.47743311524391174,0.4246298670768738,-0.0015502870082855225,-0.054353535175323486,0.99996023315424,PROFESSIONAL
sridhar,1.98,7,2,7.988376452828151,0.0,8,0.25545910000801086,0.28858450055122375,0.33236584067344666,-0.07690674066543579,-0.03312540054321289,0.9999526994185806,PROFESSIONAL
pathak,2.23,6,2,6.943352602836037,0.0,5,0.3414542078971863,0.32624271512031555,0.361569344997406,-0.020115137100219727,0.015211492776870728,0.9999467458677802,PROFESSIONAL
ghose,2.16,5,1,6.189330638599974,0.0,2,0.361056923866272,0.3438379168510437,0.39146187901496887,-0.0304049551486969,0.01721900701522827,0.9999113436653696,PROFESSIONAL
quashing,2.21,8,2,6.76644770129429,3.5,4,0.40073516964912415,0.3395257592201233,0.421307235956192,-0.02057206630706787,0.061209410429000854,0.9999109360160331,PROFESSIONAL
kolhapur,2.07,8,1,6.396179301340668,0.0,2,0.3207877278327942,0.2965683043003082,0.3269900679588318,-0.006202340126037598,0.024219423532485962,0.9999077935970707,PROFESSIONAL
charan,2.36,6,2,6.134394809942167,0.0,3,0.39329734444618225,0.3255932629108429,0.34418097138404846,0.04911637306213379,0.06770408153533936,0.999907543734671,PROFESSIONAL
sundaram,1.99,8,1,6.580105465215176,0.0,2,0.3220226466655731,0.3137422800064087,0.37287309765815735,-0.05085045099258423,0.008280366659164429,0.9999051198126603,PROFESSIONAL
trespasser,2.41,10,3,7.863307531747105,10.0,19,0.3851155936717987,0.37146615982055664,0.40692758560180664,-0.021811991930007935,0.013649433851242065,0.9998579061743356,PROFESSIONAL
pursuance,2.22,9,3,7.6590320147423725,8.0,10,0.4030267894268036,0.4235454499721527,0.46888473629951477,-0.06585794687271118,-0.02051866054534912,0.99985189058746,PROFESSIONAL
cls,2.7,3,1,6.044866481318866,7.5,6,0.35903438925743103,0.35670462250709534,0.3008560836315155,0.05817830562591553,0.0023297667503356934,0.9998421760600897,PROFESSIONAL
thereunder,2.11,10,3,6.709092210922823,1.0,3,0.409393310546875,0.37811827659606934,0.3691299855709076,0.04026332497596741,0.031275033950805664,0.9998397832015039,PROFESSIONAL
ker,2.76,3,1,5.216631730089396,1.0,3,0.4656703770160675,0.39869093894958496,0.40067416429519653,0.06499621272087097,0.06697943806648254,0.9998350357159128,PROFESSIONAL
grantee,2.45,7,1,5.9276610278960025,10.0,3,0.42074817419052124,0.35979610681533813,0.40861210227012634,0.012136071920394897,0.060952067375183105,0.999826043549535,PROFESSIONAL
sila,2.51,4,1,5.789900630457675,0.0,3,0.37273043394088745,0.3489951193332672,0.36146777868270874,0.011262655258178711,0.02373531460762024,0.999792477937279,PROFESSIONAL
visakhapatnam,2.35,13,3,7.455112901019392,0.0,11,0.27142417430877686,0.23591803014278412,0.2647348940372467,0.006689280271530151,0.03550614416599274,0.999760941433404,PROFESSIONAL
gratia,2.35,6,2,5.752964570027361,0.0,2,0.4463966488838196,0.3793569505214691,0.45009109377861023,-0.0036944448947906494,0.06703969836235046,0.999748073075648,PROFESSIONAL
extinguishment,2.03,14,4,7.180522135536666,0.0,4,0.30277302861213684,0.36845162510871887,0.44568514823913574,-0.1429121196269989,-0.06567859649658203,0.9997433587168135,PROFESSIONAL
dwarka,2.26,6,1,7.566974124912122,0.0,10,0.2994607090950012,0.2922951579093933,0.37658506631851196,-0.07712435722351074,0.00716555118560791,0.9997411441231567,PROFESSIONAL
dishonestly,2.35,11,3,7.136876075004919,1.0,8,0.3301340937614441,0.26035773754119873,0.3063163757324219,0.023817718029022217,0.06977635622024536,0.999700671526115,PROFESSIONAL
shree,2.54,5,1,6.007904443086602,0.0,4,0.415429949760437,0.3835349977016449,0.3916856348514557,0.023744314908981323,0.031894952058792114,0.9996887621025622,PROFESSIONAL
rajah,2.65,5,2,5.065342389913973,10.0,2,0.43688973784446716,0.3636118471622467,0.3511619567871094,0.08572778105735779,0.07327789068222046,0.9996696622588003,PROFESSIONAL
ambit,2.45,5,2,6.43742020025212,7.0,5,0.3353953957557678,0.34585466980934143,0.31851378083229065,0.016881614923477173,-0.010459274053573608,0.9996532302481899,PROFESSIONAL
grandsons,2.81,9,2,6.0791840540011055,11.0,8,0.5153524279594421,0.36159420013427734,0.3362468183040619,0.17910560965538025,0.1537582278251648,0.9996252299657823,PROFESSIONAL
andor,2.36,5,1,5.730012633396863,0.0,2,0.37948110699653625,0.36749404668807983,0.39811667799949646,-0.018635571002960205,0.011987060308456421,0.9995923083544401,PROFESSIONAL
dutt,2.68,4,1,6.8627818088159565,0.0,13,0.41404989361763,0.38019710779190063,0.41820135712623596,-0.004151463508605957,0.03385278582572937,0.9995548392471086,PROFESSIONAL
hosiery,2.51,7,2,5.3859634974317,10.0,2,0.41533562541007996,0.2938302457332611,0.35501667857170105,0.060318946838378906,0.12150537967681885,0.9995524959507982,PROFESSIONAL
taluka,2.08,6,1,6.778088345935592,0.0,3,0.19643652439117432,0.20340365171432495,0.19791179895401,-0.0014752745628356934,-0.006967127323150635,0.9994871286254459,PROFESSIONAL
amply,2.61,5,1,5.1568902738245725,1.0,2,0.42467671632766724,0.33853912353515625,0.3640909194946289,0.06058579683303833,0.08613759279251099,0.9994834547333911,PROFESSIONAL
secundum,2.05,8,2,6.442155931719191,0.0,2,0.3220159113407135,0.35570672154426575,0.4811042845249176,-0.1590883731842041,-0.033690810203552246,0.9994662485633474,PROFESSIONAL
tion,2.79,4,1,5.147942135258403,0.0,3,0.4419180750846863,0.3759383261203766,0.37515538930892944,0.06676268577575684,0.06597974896430969,0.9994312836510109,PROFESSIONAL
vesting,2.52,7,2,7.150890641450751,2.6666666666666665,12,0.35668113827705383,0.33390501141548157,0.35876768827438354,-0.002086549997329712,0.022776126861572266,0.9994064646109992,PROFESSIONAL
wag,3.03,3,1,4.884765110408584,8.0,4,0.41135314106941223,0.32741379737854004,0.3110058605670929,0.10034728050231934,0.08393934369087219,0.9994038905641152,PROFESSIONAL
travancore,2.26,10,2,7.461671080406436,0.0,9,0.32591649889945984,0.36962375044822693,0.4485873579978943,-0.12267085909843445,-0.04370725154876709,0.9994026689589529,PROFESSIONAL
rajendra,2.4,8,2,7.650036071240365,0.0,15,0.3599676489830017,0.394212007522583,0.3948591649532318,-0.0348915159702301,-0.0342443585395813,0.9993884509179112,PROFESSIONAL
suraj,2.41,5,1,6.0195299387585885,0.0,3,0.3264034688472748,0.3184381425380707,0.3558409810066223,-0.029437512159347534,0.007965326309204102,0.9993336702310482,PROFESSIONAL
sheba,2.75,5,1,5.748236352556753,0.0,5,0.44738665223121643,0.3618168234825134,0.3794463872909546,0.06794026494026184,0.085569828748703,0.9993318448744366,PROFESSIONAL
mst,2.77,3,1,5.480025545192426,6.0,4,0.34056398272514343,0.2875910997390747,0.29732346534729004,0.043240517377853394,0.052972882986068726,0.9993302573730625,PROFESSIONAL
nath,2.84,4,1,7.187225297398345,0.0,26,0.4934617280960083,0.3825215697288513,0.41705575585365295,0.07640597224235535,0.11094015836715698,0.9992929383248345,PROFESSIONAL
misappropriated,2.31,15,5,7.346611946694657,2.0,9,0.2628237307071686,0.336502343416214,0.4137227535247803,-0.1508990228176117,-0.07367861270904541,0.9992011596840752,PROFESSIONAL
lal,3.08,3,1,4.992004982797022,0.0,5,0.42443469166755676,0.3715105652809143,0.3299810588359833,0.09445363283157349,0.052924126386642456,0.9991174150150693,PROFESSIONAL
scr,2.9,3,1,4.896331493018692,0.0,3,0.36248940229415894,0.3349895477294922,0.3087760806083679,0.053713321685791016,0.027499854564666748,0.9991087568792,PROFESSIONAL
trespassed,2.24,10,2,6.005538629783777,5.333333333333333,2,0.405762642621994,0.38891932368278503,0.40340664982795715,0.0023559927940368652,0.016843318939208984,0.9990812999017891,PROFESSIONAL
draughtsman,2.42,11,2,6.68846346769615,10.0,6,0.3651129901409149,0.38735049962997437,0.40806517004966736,-0.04295217990875244,-0.022237509489059448,0.9990430923067425,PROFESSIONAL
iyengar,2.46,7,2,6.1916974322818215,0.0,4,0.3200947046279907,0.265797883272171,0.32232409715652466,-0.0022293925285339355,0.0542968213558197,0.9990060537596086,PROFESSIONAL
dikes,2.55,5,1,5.29430190723643,7.666666666666667,2,0.3859257102012634,0.33907726407051086,0.39856740832328796,-0.012641698122024536,0.046848446130752563,0.9990059342967077,PROFESSIONAL
thereupon,2.54,9,1,5.721041780245059,0.0,3,0.42246997356414795,0.36261314153671265,0.38207441568374634,0.04039555788040161,0.0598568320274353,0.9989660728118899,PROFESSIONAL
durga,2.72,5,1,4.905264734091087,10.0,2,0.36027348041534424,0.2878856062889099,0.3234090209007263,0.03686445951461792,0.07238787412643433,0.9989270655785372,PROFESSIONAL
sch,3.07,3,1,5.014876216229626,0.0,5,0.45424067974090576,0.3853132426738739,0.3763522803783417,0.07788839936256409,0.06892743706703186,0.998807784614882,PROFESSIONAL
seva,2.33,4,1,6.49050398434972,0.0,4,0.33711129426956177,0.3829137980937958,0.4616169333457947,-0.12450563907623291,-0.04580250382423401,0.9988007169729817,PROFESSIONAL
dispossession,2.31,13,4,6.536487372349026,8.0,4,0.3745376169681549,0.39430877566337585,0.4562750458717346,-0.08173742890357971,-0.019771158695220947,0.9987974840511592,PROFESSIONAL
mica,2.99,4,1,4.976203015529902,8.0,4,0.4458400011062622,0.3658439815044403,0.3594764471054077,0.08636355400085449,0.0799960196018219,0.9987848964694462,PROFESSIONAL
chand,2.7,5,1,5.863018811674011,0.0,5,0.4200390875339508,0.39537057280540466,0.3990907371044159,0.020948350429534912,0.024668514728546143,0.9986936580117539,PROFESSIONAL
validly,2.53,7,2,5.74399305079331,1.0,3,0.41829314827919006,0.3904432952404022,0.35934096574783325,0.05895218253135681,0.027849853038787842,0.9986466642759054,PROFESSIONAL
lordships,2.36,9,2,6.644353243291239,8.5,5,0.3985341489315033,0.4176800549030304,0.46988776326179504,-0.07135361433029175,-0.0191459059715271,0.9985939363350839,PROFESSIONAL
bhagat,2.56,6,1,5.271392983032203,0.0,2,0.38050228357315063,0.3418109118938446,0.35167741775512695,0.02882486581802368,0.03869137167930603,0.9985439704879199,PROFESSIONAL
jarman,2.53,6,2,5.340127641053696,0.0,2,0.36698275804519653,0.29823094606399536,0.3471517264842987,0.019831031560897827,0.06875181198120117,0.9985414803587028,PROFESSIONAL
rupee,3.04,5,2,5.86858142692662,8.0,11,0.43401074409484863,0.33443114161491394,0.3029553294181824,0.13105541467666626,0.09957960247993469,0.9984498983793149,PROFESSIONAL
pecuniary,2.48,9,4,6.368457109733968,1.0,5,0.29622524976730347,0.286255806684494,0.41404077410697937,-0.1178155243396759,0.009969443082809448,0.9984311258187818,PROFESSIONAL
executrix,1.63,9,3,7.408253844179589,10.0,2,0.20601022243499756,0.26679688692092896,0.3402132987976074,-0.13420307636260986,-0.060786664485931396,0.9983723680252248,PROFESSIONAL
bhatt,2.69,5,1,4.973847747063485,0.0,2,0.36863619089126587,0.31043416261672974,0.36565878987312317,0.0029774010181427,0.05820202827453613,0.9977849679841909,PROFESSIONAL
thereon,2.77,7,2,6.171085938328788,1.0,8,0.41333436965942383,0.3475049138069153,0.33831703662872314,0.07501733303070068,0.06582945585250854,0.9977373971336841,PROFESSIONAL
isaacs,2.93,6,1,4.426317336174946,12.0,2,0.37039512395858765,0.31946688890457153,0.32033756375312805,0.050057560205459595,0.05092823505401611,0.9973767749868382,PROFESSIONAL
thakur,2.75,6,2,6.083797202833693,0.0,7,0.366380512714386,0.3469988703727722,0.3618430197238922,0.004537492990493774,0.01938164234161377,0.9970882462257128,PROFESSIONAL
kanpur,2.64,6,2,5.491631227605081,0.0,3,0.34964635968208313,0.32480961084365845,0.3229358196258545,0.026710540056228638,0.024836748838424683,0.9970847914216338,PROFESSIONAL
misappropriation,2.6,16,5,6.092692497299045,10.5,5,0.3450363874435425,0.37748414278030396,0.4272526800632477,-0.0822162926197052,-0.032447755336761475,0.9969110615956389,PROFESSIONAL
quashed,2.74,7,1,5.771189624029729,3.5,5,0.4043635129928589,0.3433491885662079,0.4299529492855072,-0.025589436292648315,0.061014324426651,0.9965097386050737,PROFESSIONAL
empress,3.45,7,1,3.256237701299692,14.0,2,0.3611283600330353,0.33167487382888794,0.3992219865322113,-0.038093626499176025,0.02945348620414734,0.9965062979050425,PROFESSIONAL
indisposed,2.3,10,3,5.867748665281278,2.6666666666666665,2,0.34293699264526367,0.3448217213153839,0.42424875497817993,-0.08131176233291626,-0.0018847286701202393,0.9963782065508656,PROFESSIONAL
cine,2.72,4,1,4.905264734091087,0.0,2,0.342987060546875,0.33554700016975403,0.36224400997161865,-0.019256949424743652,0.007440060377120972,0.9963446009301854,PROFESSIONAL
xix,2.88,3,1,5.227942240123756,4.5,4,0.31503915786743164,0.30969130992889404,0.2934226095676422,0.02161654829978943,0.005347847938537598,0.9961913787119552,PROFESSIONAL
inching,2.57,7,2,5.248486768249722,3.0,2,0.39384257793426514,0.34518593549728394,0.3661956191062927,0.027646958827972412,0.0486566424369812,0.9960963337608757,PROFESSIONAL
cements,2.72,7,2,5.594701297914727,7.666666666666667,4,0.35195958614349365,0.30134421586990356,0.2865460216999054,0.06541356444358826,0.05061537027359009,0.9960190224225595,PROFESSIONAL
aforesaid,2.6,9,2,7.371993280726905,1.0,18,0.46046510338783264,0.45755383372306824,0.5633126497268677,-0.10284754633903503,0.0029112696647644043,0.9959983591445616,PROFESSIONAL
pai,3.09,3,1,4.462933764347711,0.0,3,0.41278019547462463,0.38456863164901733,0.3901384472846985,0.022641748189926147,0.0282115638256073,0.9958012764166723,PROFESSIONAL
raju,2.92,4,1,6.880687662862989,0.0,23,0.41189542412757874,0.4315197169780731,0.39070436358451843,0.021191060543060303,-0.019624292850494385,0.9957954949637343,PROFESSIONAL
declaratory,2.31,11,4,6.2492883736553795,1.0,3,0.3341720402240753,0.4398103654384613,0.5600402355194092,-0.22586819529533386,-0.10563832521438599,0.9957667657576015,PROFESSIONAL
gratuity,2.64,8,3,6.3365713872504585,10.0,7,0.31921103596687317,0.28941935300827026,0.3213014602661133,-0.0020904242992401123,0.029791682958602905,0.9956800956215484,PROFESSIONAL
cumulatively,2.44,12,4,6.929826517074183,1.0,8,0.3701162338256836,0.3697798252105713,0.35771727561950684,0.012398958206176758,0.0003364086151123047,0.9956751469267573,PROFESSIONAL
workman,2.96,7,2,6.139127860637798,10.0,12,0.43974143266677856,0.38396236300468445,0.37429311871528625,0.06544831395149231,0.055779069662094116,0.9952547573995473,PROFESSIONAL
proviso,2.64,7,2,6.182715724189452,10.0,6,0.3775269091129303,0.39238905906677246,0.46790212392807007,-0.09037521481513977,-0.014862149953842163,0.9952029489156778,PROFESSIONAL
ghosh,2.76,5,1,5.502956488512455,0.0,4,0.36029407382011414,0.36281758546829224,0.3443537950515747,0.01594027876853943,-0.0025235116481781006,0.9951891752475497,PROFESSIONAL
abetted,2.56,7,2,5.271392983032203,3.0,2,0.38998886942863464,0.3701443672180176,0.4447401165962219,-0.05475124716758728,0.019844502210617065,0.994775254469953,PROFESSIONAL
intimated,2.54,9,3,5.317213479807768,9.5,2,0.512956440448761,0.44606274366378784,0.4393075406551361,0.07364889979362488,0.06689369678497314,0.9947528521865585,PROFESSIONAL
testamentary,2.03,12,4,6.488135935609609,1.0,2,0.312157541513443,0.4219278395175934,0.5214688181877136,-0.20931127667427063,-0.10977029800415039,0.9946953815343643,PROFESSIONAL
crompton,2.6,8,2,5.179785012053723,0.0,2,0.3817143142223358,0.3192325234413147,0.3685482442378998,0.013166069984436035,0.06248179078102112,0.9946119409758462,PROFESSIONAL
workmen,2.92,7,2,7.433636144843181,10.0,40,0.39460259675979614,0.35929176211357117,0.35236114263534546,0.042241454124450684,0.035310834646224976,0.9944907595687354,PROFESSIONAL
construing,1.85,10,3,7.817772041932852,2.0,5,0.3752230107784271,0.5206735730171204,0.5038785338401794,-0.12865552306175232,-0.14545056223869324,0.9944609664898464,PROFESSIONAL
hereinafter,2.95,11,3,5.2895824701420135,1.0,5,0.31305551528930664,0.2972957193851471,0.42989587783813477,-0.11684036254882812,0.015759795904159546,0.9943798834764929,PROFESSIONAL
appellants,2.42,10,3,7.84029063925464,10.0,19,0.3201063871383667,0.4043216407299042,0.4337511658668518,-0.11364477872848511,-0.08421525359153748,0.9939872056275777,PROFESSIONAL
therewith,2.52,9,2,5.363044332614011,1.0,2,0.3984869718551636,0.35814738273620605,0.34039658308029175,0.058090388774871826,0.04033958911895752,0.9935003095574808,PROFESSIONAL
aggrieved,2.9,9,2,5.404163058629699,5.0,5,0.33963537216186523,0.2813982367515564,0.3948245644569397,-0.05518919229507446,0.05823713541030884,0.9933544044016969,PROFESSIONAL
alienate,3.03,8,3,5.691485980004043,2.0,9,0.355668842792511,0.308854877948761,0.4690459072589874,-0.11337706446647644,0.04681396484375,0.9933039696114864,PROFESSIONAL
taker,3.23,5,1,3.747373331217686,10.5,2,0.42413148283958435,0.34724149107933044,0.34353670477867126,0.08059477806091309,0.0768899917602539,0.9926569765058801,PROFESSIONAL
amicus,2.74,6,1,4.859562075171068,0.0,2,0.3465656340122223,0.3198959529399872,0.40537896752357483,-0.05881333351135254,0.026669681072235107,0.9923874782608186,PROFESSIONAL
bose,3.21,4,1,4.190285858936693,11.0,3,0.38118311762809753,0.3572160005569458,0.3088861107826233,0.07229700684547424,0.023967117071151733,0.9923466748051639,PROFESSIONAL
perusal,2.32,7,3,6.226307519776767,9.0,3,0.4154758155345917,0.4976946711540222,0.5597069263458252,-0.14423111081123352,-0.08221885561943054,0.992227273396572,PROFESSIONAL
conservator,2.61,11,4,7.593964683981857,10.0,23,0.32004424929618835,0.4218039810657501,0.4963173568248749,-0.17627310752868652,-0.10175973176956177,0.9917386613816351,PROFESSIONAL
airstrip,2.81,8,2,5.792265038495114,8.0,6,0.34171274304389954,0.2954612672328949,0.3269157409667969,0.014797002077102661,0.04625147581100464,0.9916160729129667,PROFESSIONAL
alienation,3.16,10,4,5.7596516049291,7.666666666666667,13,0.38635414838790894,0.366795152425766,0.49950316548347473,-0.1131490170955658,0.019558995962142944,0.9915982052819653,PROFESSIONAL
vide,2.94,4,1,5.312493502078122,0.0,5,0.34998059272766113,0.3408114016056061,0.3659830689430237,-0.01600247621536255,0.009169191122055054,0.9915490954292739,PROFESSIONAL
neutralising,2.02,12,3,6.511127155050269,3.3333333333333335,2,0.25452107191085815,0.3345339298248291,0.39641809463500977,-0.1418970227241516,-0.08001285791397095,0.9913239399132021,PROFESSIONAL
lakshmi,2.82,7,2,4.676922373084522,10.0,2,0.3454361855983734,0.2743721008300781,0.3074977993965149,0.03793838620185852,0.07106408476829529,0.9911964003008263,PROFESSIONAL
cognizance,2.25,10,3,6.387194171960646,7.333333333333333,3,0.29810914397239685,0.35186222195625305,0.40300828218460083,-0.10489913821220398,-0.0537530779838562,0.9909142731855977,PROFESSIONAL
availed,2.47,7,1,5.477663792165639,2.6666666666666665,2,0.29288145899772644,0.2985802888870239,0.3056958019733429,-0.012814342975616455,-0.005698829889297485,0.9908420153710217,PROFESSIONAL
ensue,2.91,5,2,4.471830674340322,3.0,2,0.4127199649810791,0.41209492087364197,0.5194154977798462,-0.10669553279876709,0.0006250441074371338,0.9902684897020013,PROFESSIONAL
thereto,2.93,7,1,6.026142435109971,1.0,10,0.39557167887687683,0.3355289697647095,0.34197404980659485,0.05359762907028198,0.06004270911216736,0.9894209394511916,PROFESSIONAL
contentions,2.26,11,3,7.566974124912122,8.0,10,0.33801278471946716,0.4364467263221741,0.37886208295822144,-0.04084929823875427,-0.09843394160270691,0.9888732653738135,PROFESSIONAL
purports,2.81,8,2,4.699736334378769,6.0,2,0.3587752878665924,0.3629233241081238,0.48095765709877014,-0.12218236923217773,-0.004148036241531372,0.9888460506069112,PROFESSIONAL
purporting,2.84,10,3,4.6313092294350415,2.5,2,0.40581685304641724,0.40575459599494934,0.533004105091095,-0.12718725204467773,6.225705146789551e-05,0.9884958735880305,PROFESSIONAL
maharaja,2.71,8,3,4.9281219559322205,11.0,2,0.41377413272857666,0.37875896692276,0.3848150670528412,0.028959065675735474,0.03501516580581665,0.988347186066546,PROFESSIONAL
creeks,3.08,6,1,4.085850751953361,8.5,2,0.3477422297000885,0.27353984117507935,0.29283690452575684,0.054905325174331665,0.07420238852500916,0.9873546360522244,PROFESSIONAL
ext,3.13,3,1,5.05875580981739,0.0,6,0.3627930283546448,0.36078643798828125,0.3973442316055298,-0.03455120325088501,0.0020065903663635254,0.9871115330041897,PROFESSIONAL
excavate,2.66,8,3,5.445773729109824,3.3333333333333335,3,0.3236739933490753,0.3245616555213928,0.4177003800868988,-0.09402638673782349,-0.0008876621723175049,0.987050677480064,PROFESSIONAL
remand,2.91,6,2,5.966981161111342,7.333333333333333,9,0.4047503173351288,0.3986070454120636,0.4417814612388611,-0.0370311439037323,0.0061432719230651855,0.9860523958022827,PROFESSIONAL
jain,3.09,4,1,5.303622120434897,1.0,7,0.3442266583442688,0.2743017375469208,0.32219865918159485,0.02202799916267395,0.06992492079734802,0.9857224976856028,PROFESSIONAL
brahmin,2.81,7,2,5.102164276454042,8.666666666666666,3,0.3421260416507721,0.31707265973091125,0.35022497177124023,-0.00809893012046814,0.02505338191986084,0.9851611512361991,PROFESSIONAL
maj,3.41,3,1,3.34494484925734,0.0,2,0.4405694901943207,0.3761487305164337,0.36474311351776123,0.07582637667655945,0.06442075967788696,0.984400146472859,PROFESSIONAL
entitle,2.71,7,2,5.331170784612,3.6666666666666665,3,0.39227840304374695,0.4204604923725128,0.5230717062950134,-0.13079330325126648,-0.02818208932876587,0.9835174712807707,PROFESSIONAL
bequest,2.84,7,2,5.319573509897654,8.0,4,0.39016082882881165,0.4149780869483948,0.5218413472175598,-0.13168051838874817,-0.02481725811958313,0.9835063742056422,PROFESSIONAL
trespassers,2.53,11,3,5.340127641053696,10.0,2,0.34630224108695984,0.3463669717311859,0.36021143198013306,-0.013909190893173218,-6.473064422607422e-05,0.9828946393543874,PROFESSIONAL
upto,3.21,4,1,4.190285858936693,0.0,3,0.44501593708992004,0.3842531442642212,0.41452643275260925,0.03048950433731079,0.06076279282569885,0.9824086955750808,PROFESSIONAL
erred,2.81,5,1,4.699736334378769,1.5,2,0.3523823022842407,0.3534070551395416,0.3953048586845398,-0.04292255640029907,-0.0010247528553009033,0.9816812671621079,PROFESSIONAL
connotes,2.28,8,2,5.913673022449605,9.5,2,0.3847951591014862,0.449632465839386,0.4338510036468506,-0.04905584454536438,-0.06483730673789978,0.9813456090988126,PROFESSIONAL
rama,3.25,4,1,3.7024322846815414,11.0,2,0.3781762719154358,0.3649708032608032,0.34796255826950073,0.03021371364593506,0.013205468654632568,0.9810501288044607,PROFESSIONAL
depose,2.67,6,2,5.019588107407974,3.5,2,0.3217196464538574,0.3580889105796814,0.4663538336753845,-0.1446341872215271,-0.036369264125823975,0.980999636832111,PROFESSIONAL
predeceased,2.47,11,3,5.477663792165639,4.0,2,0.3885110020637512,0.44855546951293945,0.5417571663856506,-0.15324616432189941,-0.06004446744918823,0.9786616094458799,PROFESSIONAL
handover,2.96,8,2,4.358094677724621,11.0,2,0.32411426305770874,0.23981241881847382,0.2309972494840622,0.09311701357364655,0.08430184423923492,0.9782531572071996,PROFESSIONAL
crores,3.1,6,1,4.04059091238543,8.0,2,0.380385160446167,0.3342267870903015,0.32271191477775574,0.057673245668411255,0.04615837335586548,0.9782345631885366,PROFESSIONAL
thirdly,3.06,7,1,4.131145645396887,1.0,2,0.3418508768081665,0.2689977288246155,0.3474650979042053,-0.005614221096038818,0.07285314798355103,0.9779262618032695,PROFESSIONAL
dispossessed,2.75,12,3,4.836716818971108,2.0,2,0.3133152723312378,0.2654995918273926,0.3438026010990143,-0.03048732876777649,0.047815680503845215,0.9773050312955172,PROFESSIONAL
lakhs,3.08,5,1,4.992004982797022,8.0,5,0.3194064199924469,0.2700444459915161,0.3047739565372467,0.014632463455200195,0.049361974000930786,0.977060700498541,PROFESSIONAL
hari,3.18,4,1,3.8599350331019533,0.0,2,0.34450268745422363,0.2957472503185272,0.3018401861190796,0.04266250133514404,0.04875543713569641,0.9765321868210879,PROFESSIONAL
uncalled,2.85,8,2,5.010647632010829,0.0,3,0.334340363740921,0.3272831439971924,0.40987080335617065,-0.07553043961524963,0.007057219743728638,0.976486526003553,PROFESSIONAL
pronounce,3.66,9,2,2.7963725586470494,2.5,2,0.3478693664073944,0.3272446393966675,0.44422462582588196,-0.09635525941848755,0.02062472701072693,0.976434858480086,PROFESSIONAL
som,3.19,3,1,5.0746505602257,8.0,7,0.3549235761165619,0.36078572273254395,0.354322224855423,0.000601351261138916,-0.005862146615982056,0.976259885276532,PROFESSIONAL
deem,3.34,4,1,3.500862786053046,5.0,2,0.4025835692882538,0.33910050988197327,0.3841204345226288,0.018463134765625,0.06348305940628052,0.975458963506377,PROFESSIONAL
narayan,2.72,7,2,4.905264734091087,0.0,2,0.3467637896537781,0.33422452211380005,0.34811463952064514,-0.0013508498668670654,0.012539267539978027,0.9752526583785052,PROFESSIONAL
nos,3.52,3,1,3.4921353142581664,8.0,3,0.39997217059135437,0.36387619376182556,0.35029810667037964,0.04967406392097473,0.03609597682952881,0.9749855506174707,PROFESSIONAL
bona,3.25,4,1,5.8204962852759525,0.0,17,0.46664246916770935,0.4174341559410095,0.395839661359787,0.07080280780792236,0.04920831322669983,0.9748286235517964,PROFESSIONAL
utensils,3.2,8,1,3.8148758073105857,8.0,2,0.29970481991767883,0.24491482973098755,0.28836971521377563,0.011335104703903198,0.054789990186691284,0.9745168167741677,PROFESSIONAL
amicably,2.72,8,3,5.594701297914727,1.0,4,0.24686060845851898,0.219205841422081,0.33340325951576233,-0.08654265105724335,0.02765476703643799,0.9736794647458269,PROFESSIONAL
orissa,2.83,6,1,5.342487934438466,9.0,4,0.2617599070072174,0.2461334615945816,0.3204600512981415,-0.05870014429092407,0.015626445412635803,0.9735225329813517,PROFESSIONAL
rao,3.3,3,1,5.07269295886125,0.0,9,0.3802296221256256,0.36673054099082947,0.3835415840148926,-0.0033119618892669678,0.013499081134796143,0.9732697315390498,PROFESSIONAL
lakh,3.24,4,1,3.724896568960716,8.0,2,0.33101579546928406,0.29163745045661926,0.31965145468711853,0.011364340782165527,0.039378345012664795,0.9728201987998003,PROFESSIONAL
ante,3.33,4,1,3.523201617475539,8.0,2,0.4207085967063904,0.40297165513038635,0.45448237657546997,-0.03377377986907959,0.01773694157600403,0.9712698560387616,PROFESSIONAL
tendered,3.05,8,1,4.839069679293555,2.3333333333333335,4,0.47298771142959595,0.37651729583740234,0.3809201717376709,0.09206753969192505,0.0964704155921936,0.9711398050890371,PROFESSIONAL
deducting,2.51,9,3,5.789900630457675,3.3333333333333335,3,0.38731667399406433,0.42372339963912964,0.43962565064430237,-0.05230897665023804,-0.03640672564506531,0.9704507039709722,PROFESSIONAL
krishna,3.48,7,1,3.8622567745027556,11.0,4,0.3850441873073578,0.33420026302337646,0.3617769479751587,0.023267239332199097,0.05084392428398132,0.9703140351245402,PROFESSIONAL
hoc,3.42,3,1,4.397022795583137,0.0,6,0.47524183988571167,0.43361473083496094,0.4261853098869324,0.0490565299987793,0.04162710905075073,0.9697138838438729,PROFESSIONAL
immovable,2.78,9,3,5.6793868058566295,3.5,5,0.4525444507598877,0.42063796520233154,0.42063528299331665,0.031909167766571045,0.03190648555755615,0.9685811606189593,PROFESSIONAL
officio,2.77,7,3,4.791038920696179,0.0,2,0.3357316255569458,0.34490054845809937,0.4049724042415619,-0.06924077868461609,-0.009168922901153564,0.968503268303364,PROFESSIONAL
viz,3.19,3,1,5.207399988295671,0.0,8,0.36554256081581116,0.3922005891799927,0.3996025621891022,-0.034060001373291016,-0.02665802836418152,0.9678922881052926,PROFESSIONAL
alia,3.12,4,1,3.995367720616095,0.0,2,0.3963544964790344,0.39624303579330444,0.3984808325767517,-0.002126336097717285,0.00011146068572998047,0.9670305061459936,PROFESSIONAL
crept,3.15,5,1,3.9276053064200713,2.6666666666666665,2,0.38331666588783264,0.35383909940719604,0.4184500575065613,-0.03513339161872864,0.029477566480636597,0.9659980299564651,PROFESSIONAL
subsisting,2.22,10,3,6.966356486787147,1.0,5,0.384854793548584,0.5018368363380432,0.5062792897224426,-0.12142449617385864,-0.11698204278945923,0.965074536634569,PROFESSIONAL
tata,3.33,4,1,4.601947998810418,0.0,6,0.38823825120925903,0.3449057340621948,0.32960906624794006,0.05862918496131897,0.04333251714706421,0.9633576608035579,PROFESSIONAL
concessional,2.32,12,4,5.821830292304566,0.0,2,0.35668596625328064,0.413127601146698,0.4588235318660736,-0.10213756561279297,-0.05644163489341736,0.9624062756641494,PROFESSIONAL
clubbing,2.99,8,2,4.690818372924315,5.0,3,0.3976134657859802,0.3003423511981964,0.2940288782119751,0.10358458757400513,0.09727111458778381,0.9621532768545363,PROFESSIONAL
mani,3.23,4,1,3.747373331217686,0.0,2,0.4085322618484497,0.3927571177482605,0.3671516478061676,0.041380614042282104,0.01577514410018921,0.9607116433774644,PROFESSIONAL
banerjee,2.76,8,2,5.216631730089396,0.0,3,0.27600717544555664,0.24452626705169678,0.2825421094894409,-0.006534934043884277,0.03148090839385986,0.9599028207453935,PROFESSIONAL
upkeep,3.24,6,2,3.724896568960716,9.5,2,0.4280947148799896,0.3601016700267792,0.3566926419734955,0.07140207290649414,0.06799304485321045,0.9595138668121115,PROFESSIONAL
alienating,3.0,10,4,4.668006309501692,2.0,3,0.37011492252349854,0.3100028932094574,0.4344758093357086,-0.06436088681221008,0.06011202931404114,0.9593911713266388,PROFESSIONAL
reckoned,3.26,8,1,3.6799807546950194,3.6666666666666665,2,0.403649240732193,0.32457491755485535,0.3746146261692047,0.02903461456298828,0.07907432317733765,0.9593086506609726,PROFESSIONAL
vacate,3.14,6,2,4.633657804575605,3.6666666666666665,4,0.40432649850845337,0.399787962436676,0.4862378239631653,-0.08191132545471191,0.004538536071777344,0.9581173495808687,PROFESSIONAL
excavating,2.78,10,4,5.4570968032309075,3.3333333333333335,4,0.2807745337486267,0.2804621458053589,0.37646886706352234,-0.09569433331489563,0.00031238794326782227,0.9552439195748654,PROFESSIONAL
boon,3.45,4,1,3.256237701299692,4.5,2,0.43302270770072937,0.3607080280780792,0.3326287269592285,0.10039398074150085,0.07231467962265015,0.9534617569544349,PROFESSIONAL
harbours,2.93,8,2,4.426317336174946,7.333333333333333,2,0.35680723190307617,0.3111971914768219,0.31817448139190674,0.038632750511169434,0.04561004042625427,0.952737002309283,PROFESSIONAL
wrongfully,2.98,10,2,4.31264616929341,1.0,2,0.3424602746963501,0.26022422313690186,0.3149714767932892,0.027488797903060913,0.08223605155944824,0.9514491381227729,PROFESSIONAL
madhya,2.92,6,2,4.449070942548714,0.0,2,0.30041414499282837,0.2963132858276367,0.35274484753608704,-0.05233070254325867,0.00410085916519165,0.9470845988356708,PROFESSIONAL
inasmuch,2.87,8,2,4.964910067248632,0.0,3,0.3820616900920868,0.3897286355495453,0.43574094772338867,-0.05367925763130188,-0.007666945457458496,0.9422722976480008,PROFESSIONAL
bharat,3.13,6,2,3.972770384731057,10.0,2,0.3427681624889374,0.3387637734413147,0.36768415570259094,-0.024915993213653564,0.004004389047622681,0.9383284960394757,PROFESSIONAL
pardoned,3.11,8,1,4.017974633216531,4.0,2,0.3600146174430847,0.3594956696033478,0.4249587059020996,-0.06494408845901489,0.0005189478397369385,0.9382639073268368,PROFESSIONAL
chargesheet,1.64,11,1,7.3852421140219935,0.0,2,0.22702796757221222,0.3902280926704407,0.32427671551704407,-0.09724874794483185,-0.16320012509822845,0.9378198723550579,PROFESSIONAL
purview,2.86,7,2,4.58571654834697,8.0,2,0.32719913125038147,0.33389922976493835,0.3606950044631958,-0.03349587321281433,-0.006700098514556885,0.9329133382757868,PROFESSIONAL
devolve,2.78,7,2,4.768206472014998,3.3333333333333335,2,0.3805138170719147,0.41428878903388977,0.46993178129196167,-0.089417964220047,-0.0337749719619751,0.9309387726317635,PROFESSIONAL
cattle,4.15,6,1,2.39398248061321,17.0,4,0.42974868416786194,0.367294043302536,0.3614360988140106,0.06831258535385132,0.06245464086532593,0.9296157245470174,PROFESSIONAL
lays,3.67,4,1,3.1592252939125824,6.0,3,0.3657287061214447,0.3014235496520996,0.3519929051399231,0.013735800981521606,0.06430515646934509,0.9290629275083245,PROFESSIONAL
envisaged,3.11,9,3,4.017974633216531,3.0,2,0.4543323516845703,0.39709657430648804,0.49701356887817383,-0.042681217193603516,0.057235777378082275,0.9244902420356771,PROFESSIONAL
industrials,2.39,11,4,5.6611672794207895,0.0,2,0.3949504792690277,0.40370437502861023,0.3808552920818329,0.014095187187194824,-0.00875389575958252,0.9226427532139088,PROFESSIONAL
conciliation,2.74,12,3,5.771189624029729,8.333333333333334,5,0.42395928502082825,0.47674286365509033,0.5049400329589844,-0.08098074793815613,-0.052783578634262085,0.9223651029959143,PROFESSIONAL
grievous,3.18,8,2,3.8599350331019533,1.0,2,0.37565451860427856,0.32312557101249695,0.3979225158691406,-0.02226799726486206,0.052528947591781616,0.9193427313314504,PROFESSIONAL
amenable,2.89,8,2,4.517367972160093,1.0,2,0.2965388000011444,0.33317312598228455,0.42007070779800415,-0.12353190779685974,-0.03663432598114014,0.918006992181848,PROFESSIONAL
adjudicator,2.46,11,5,6.1916974322818215,8.0,4,0.30982649326324463,0.4326115548610687,0.48859086632728577,-0.17876437306404114,-0.1227850615978241,0.9147939993730342,PROFESSIONAL
construe,2.32,8,2,6.513495285703826,2.0,4,0.38392534852027893,0.4926590919494629,0.47817501425743103,-0.0942496657371521,-0.10873374342918396,0.9145176391998469,PROFESSIONAL
natal,3.41,5,2,4.419768307578009,6.0,6,0.3863118588924408,0.33923161029815674,0.36923593282699585,0.017075926065444946,0.04708024859428406,0.9145001963250093,PROFESSIONAL
inadmissible,2.77,12,4,5.70233490402623,1.0,5,0.3622805178165436,0.3848123252391815,0.4224870204925537,-0.06020650267601013,-0.02253180742263794,0.9092336434792315,PROFESSIONAL
confers,2.81,7,2,4.699736334378769,7.0,2,0.35763654112815857,0.40895116329193115,0.4753933846950531,-0.11775684356689453,-0.05131462216377258,0.9078525595739771,PROFESSIONAL
furnish,3.14,7,2,3.950182840235606,3.5,2,0.380632609128952,0.33348748087882996,0.37755024433135986,0.003082364797592163,0.04714512825012207,0.9058608942901044,PROFESSIONAL
tile,3.72,4,1,3.5409494980464213,8.666666666666666,5,0.35934898257255554,0.30458584427833557,0.32250523567199707,0.03684374690055847,0.05476313829421997,0.9010361812971052,PROFESSIONAL
indebted,3.21,8,2,3.7923632127098186,1.0,2,0.43026769161224365,0.4149779975414276,0.5007558465003967,-0.07048815488815308,0.01528969407081604,0.8991749716663928,PROFESSIONAL
borne,3.67,5,1,3.436235973731636,3.3333333333333335,4,0.389045387506485,0.34833917021751404,0.43509605526924133,-0.04605066776275635,0.04070621728897095,0.8990395943214441,PROFESSIONAL
mis,3.59,3,1,2.948426791475992,9.0,2,0.4430914521217346,0.433788001537323,0.43653684854507446,0.006554603576660156,0.009303450584411621,0.8977654783738318,PROFESSIONAL
webster,3.76,7,2,3.2363873260493072,11.0,4,0.39552515745162964,0.435485303401947,0.506033182144165,-0.1105080246925354,-0.03996014595031738,0.8952623006982134,PROFESSIONAL
appended,2.84,8,3,4.6313092294350415,3.0,2,0.3318789303302765,0.32098352909088135,0.36814624071121216,-0.03626731038093567,0.010895401239395142,0.8946465669268047,PROFESSIONAL
jew,3.87,3,1,3.6621634911878544,8.0,8,0.48431316018104553,0.3597964644432068,0.3611752986907959,0.12313786149024963,0.12451669573783875,0.894224781846468,PROFESSIONAL
heir,3.89,4,1,3.338550779378916,10.0,6,0.5086981654167175,0.4112031161785126,0.4615706205368042,0.04712754487991333,0.09749504923820496,0.8936913231901524,PROFESSIONAL
enquiry,3.41,7,2,4.925767494473942,9.0,10,0.39878594875335693,0.41656720638275146,0.5131003856658936,-0.11431443691253662,-0.01778125762939453,0.891015587746046,PROFESSIONAL
occasioned,2.58,10,3,5.225583325336127,3.0,2,0.36936160922050476,0.41724181175231934,0.45798999071121216,-0.0886283814907074,-0.047880202531814575,0.8906486347051934,PROFESSIONAL
alienated,3.29,9,3,3.612705541069483,2.0,2,0.4076872766017914,0.30707046389579773,0.4256182909011841,-0.0179310142993927,0.10061681270599365,0.8903814078036014,PROFESSIONAL
conferring,2.76,10,3,5.502956488512455,7.0,4,0.4279184639453888,0.4560795724391937,0.461676687002182,-0.03375822305679321,-0.02816110849380493,0.8865983443102341,PROFESSIONAL
multiples,3.14,9,2,4.349210209981798,10.0,3,0.4110737442970276,0.3936924338340759,0.36633551120758057,0.04473823308944702,0.01738131046295166,0.8814585236613828,PROFESSIONAL
hindus,3.58,6,1,2.9702586569358562,9.5,2,0.30430757999420166,0.24460075795650482,0.26060935854911804,0.04369822144508362,0.05970682203769684,0.881149539308811,PROFESSIONAL
appellant,2.82,9,3,9.232017223242304,5.5,192,0.32423317432403564,0.4043430685997009,0.43437889218330383,-0.11014571785926819,-0.08010989427566528,0.8806726518922139,PROFESSIONAL
ripe,3.67,4,1,3.6529215964251476,1.0,5,0.35495004057884216,0.3107057809829712,0.38606610894203186,-0.031116068363189697,0.04424425959587097,0.8804989964913353,PROFESSIONAL
niece,3.82,5,1,3.3181681233195945,10.0,5,0.49468690156936646,0.35526198148727417,0.35993820428848267,0.1347486972808838,0.13942492008209229,0.878878036706032,PROFESSIONAL
rents,3.58,5,1,2.9702586569358562,10.333333333333334,2,0.33421874046325684,0.270985871553421,0.23331813514232635,0.10090060532093048,0.06323286890983582,0.8782079307559122,PROFESSIONAL
wrongful,3.33,8,2,3.523201617475539,1.0,2,0.37798643112182617,0.33137038350105286,0.4036848843097687,-0.025698453187942505,0.046616047620773315,0.8700021677388061,PROFESSIONAL
yarn,3.6,4,1,2.9266212634997366,7.666666666666667,2,0.37960460782051086,0.31400418281555176,0.28756359219551086,0.092041015625,0.0656004250049591,0.8696351042999861,PROFESSIONAL
appreciable,2.78,11,3,4.768206472014998,1.0,2,0.43800339102745056,0.2895940840244293,0.3206927478313446,0.11731064319610596,0.14840930700302124,0.8653489600226674,PROFESSIONAL
habitually,2.86,10,3,4.58571654834697,1.0,2,0.4023403525352478,0.342538446187973,0.37768685817718506,0.024653494358062744,0.05980190634727478,0.8637078489708672,PROFESSIONAL
sundays,3.75,7,1,4.047858377159621,11.0,9,0.3540504574775696,0.2568986713886261,0.25040334463119507,0.10364711284637451,0.09715178608894348,0.8613926445289617,PROFESSIONAL
remanded,3.21,8,2,3.7923632127098186,6.0,2,0.3728886842727661,0.37098968029022217,0.4228156507015228,-0.049926966428756714,0.0018990039825439453,0.8599611886995967,PROFESSIONAL
probate,3.16,7,2,4.303767082842346,7.333333333333333,3,0.3695967197418213,0.44682279229164124,0.549973726272583,-0.18037700653076172,-0.07722607254981995,0.8593047285257925,PROFESSIONAL
trespass,3.11,8,2,5.25780478713176,7.666666666666667,7,0.37433385848999023,0.38877761363983154,0.41431760787963867,-0.03998374938964844,-0.014443755149841309,0.8593000581970747,PROFESSIONAL
confer,3.19,6,2,5.0746505602257,7.0,7,0.3946584463119507,0.41421908140182495,0.4311746060848236,-0.036516159772872925,-0.019560635089874268,0.8592191788142288,PROFESSIONAL
rupees,3.39,6,2,3.3894082317800005,8.0,2,0.3928844630718231,0.2996256649494171,0.2731741964817047,0.11971026659011841,0.093258798122406,0.8589441491312275,PROFESSIONAL
miscarriage,3.32,11,3,3.545555631060345,9.0,2,0.329632431268692,0.26912716031074524,0.3166345953941345,0.012997835874557495,0.06050527095794678,0.8533601102876562,PROFESSIONAL
completion,4.22,10,3,1.9955317738812501,10.0,3,0.4108612835407257,0.45574820041656494,0.5096365809440613,-0.09877529740333557,-0.04488691687583923,0.8514732488331372,PROFESSIONAL
evicted,3.35,7,1,5.244252284383339,4.0,12,0.4411519467830658,0.3432937562465668,0.36925366520881653,0.07189828157424927,0.09785819053649902,0.8498613198957091,PROFESSIONAL
shrubs,3.37,6,1,3.8285944287781506,10.0,3,0.3146081566810608,0.3197626769542694,0.3224053680896759,-0.007797211408615112,-0.005154520273208618,0.8438581060158841,PROFESSIONAL
untenable,3.01,9,3,4.6451991785256865,1.0,3,0.373276948928833,0.3494910001754761,0.391246497631073,-0.01796954870223999,0.023785948753356934,0.8431233549784528,PROFESSIONAL
inquire,3.38,7,2,3.411666030469177,5.0,2,0.402686208486557,0.40934720635414124,0.4758870005607605,-0.07320079207420349,-0.0066609978675842285,0.8408926415777029,PROFESSIONAL
connotation,2.94,11,3,4.4035699944859115,7.0,2,0.33907583355903625,0.37039148807525635,0.4200055003166199,-0.08092966675758362,-0.03131565451622009,0.8375576015139664,PROFESSIONAL
annum,3.23,5,2,4.144947520963357,7.0,3,0.3958742022514343,0.4337001442909241,0.43744713068008423,-0.0415729284286499,-0.037825942039489746,0.8349599078130864,PROFESSIONAL
tantamount,2.93,10,2,4.426317336174946,1.0,2,0.34316760301589966,0.3915994167327881,0.4544689953327179,-0.11130139231681824,-0.04843181371688843,0.8307198715679294,PROFESSIONAL
extraneous,2.79,10,2,4.745378489537037,1.0,2,0.3151719868183136,0.35687175393104553,0.3945787847042084,-0.07940679788589478,-0.041699767112731934,0.8285888647943263,PROFESSIONAL
fide,3.28,4,1,5.7516308457407215,0.0,17,0.37532737851142883,0.42087334394454956,0.35049161314964294,0.02483576536178589,-0.04554596543312073,0.8284925295657246,PROFESSIONAL
pal,3.99,3,1,2.9439326998338826,7.5,5,0.4645073115825653,0.3826207220554352,0.336159884929657,0.12834742665290833,0.08188658952713013,0.8211615613461158,PROFESSIONAL
deity,3.55,5,1,4.385513141604066,8.0,8,0.5441529750823975,0.45883965492248535,0.42405015230178833,0.12010282278060913,0.08531332015991211,0.8195542657375215,PROFESSIONAL
malayalam,2.85,9,2,4.608510273005842,8.0,2,0.22347010672092438,0.27005597949028015,0.3413035571575165,-0.1178334504365921,-0.046585872769355774,0.8127094690291538,PROFESSIONAL
rebate,3.31,6,2,3.567924501170605,8.666666666666666,2,0.317951500415802,0.2852403223514557,0.2836611568927765,0.03429034352302551,0.032711178064346313,0.8097907970926715,PROFESSIONAL
aerodrome,2.54,9,2,5.317213479807768,8.0,2,0.25337377190589905,0.31741783022880554,0.344087153673172,-0.09071338176727295,-0.0640440583229065,0.8074080042319417,PROFESSIONAL
amounting,3.11,9,2,4.017974633216531,2.3333333333333335,2,0.42434707283973694,0.34327295422554016,0.3438517153263092,0.08049535751342773,0.08107411861419678,0.8025577751029792,PROFESSIONAL
yielding,3.4,8,2,3.3671677131264257,7.666666666666667,2,0.39810940623283386,0.3774511218070984,0.40836966037750244,-0.010260254144668579,0.020658284425735474,0.7995053473338404,PROFESSIONAL
eviction,3.41,8,2,4.02030367100206,8.0,4,0.3484930992126465,0.3862522840499878,0.4505912661552429,-0.10209816694259644,-0.03775918483734131,0.7968292426476118,PROFESSIONAL
avoidable,2.97,9,2,4.335366996876292,1.0,2,0.3373294174671173,0.34307897090911865,0.3704396188259125,-0.033110201358795166,-0.005749553442001343,0.7961208317513547,PROFESSIONAL
andhra,3.2,6,1,5.935302923738734,0.0,17,0.2922607362270355,0.26638200879096985,0.2926501929759979,-0.00038945674896240234,0.025878727436065674,0.7944019115914882,PROFESSIONAL
rectification,2.55,13,5,5.29430190723643,8.333333333333334,2,0.23890918493270874,0.2869027256965637,0.36281436681747437,-0.12390518188476562,-0.04799354076385498,0.7872816007167494,PROFESSIONAL
executors,2.6,9,3,5.870113615906677,9.0,4,0.23793470859527588,0.37059906125068665,0.4748421311378479,-0.23690742254257202,-0.13266435265541077,0.7859619850233112,PROFESSIONAL
oxford,4.38,6,2,1.685909271792126,9.666666666666666,3,0.3493311107158661,0.35676711797714233,0.401239812374115,-0.0519087016582489,-0.007436007261276245,0.7845762261108461,PROFESSIONAL
bungalow,3.34,8,3,3.8962198661461427,10.0,3,0.4321146309375763,0.3614330589771271,0.3571132719516754,0.07500135898590088,0.07068157196044922,0.777539726854376,PROFESSIONAL
intimation,2.21,10,4,6.07445163680094,7.5,2,0.2994755506515503,0.40421798825263977,0.40457290410995483,-0.10509735345840454,-0.10474243760108948,0.7764382597861036,PROFESSIONAL
notional,2.61,8,3,5.84715350851218,1.0,4,0.32071077823638916,0.43489891290664673,0.4474046230316162,-0.12669384479522705,-0.11418813467025757,0.7764006826957689,PROFESSIONAL
omnibus,3.15,7,3,3.9276053064200713,7.333333333333333,2,0.3971553146839142,0.42101332545280457,0.4476456940174103,-0.050490379333496094,-0.02385801076889038,0.7747660960677186,PROFESSIONAL
gram,3.76,4,1,3.2363873260493072,9.5,4,0.35063832998275757,0.38275599479675293,0.41523826122283936,-0.06459993124008179,-0.03211766481399536,0.77409729229381,PROFESSIONAL
accomplice,3.22,10,3,4.167612647281566,10.0,3,0.34066957235336304,0.3793986439704895,0.41933146119117737,-0.07866188883781433,-0.038729071617126465,0.7722597686357386,PROFESSIONAL
finalised,2.86,9,3,4.9877770537247725,3.0,3,0.3597392737865448,0.4232523739337921,0.46969395875930786,-0.10995468497276306,-0.06351310014724731,0.765462552443385,PROFESSIONAL
das,3.73,3,1,3.0273408848638867,12.0,3,0.4266193211078644,0.44987180829048157,0.395300030708313,0.03131929039955139,-0.023252487182617188,0.7650333661774338,PROFESSIONAL
prejudiced,3.05,10,3,4.554022270921136,3.6666666666666665,3,0.35202446579933167,0.334560751914978,0.37002143263816833,-0.01799696683883667,0.017463713884353638,0.7624284865566229,PROFESSIONAL
shri,3.58,4,1,4.632136220451798,0.0,11,0.41798266768455505,0.38131943345069885,0.43068698048591614,-0.012704312801361084,0.0366632342338562,0.7622435439074714,PROFESSIONAL
cal,4.01,3,1,2.9003596296428755,0.0,5,0.4042920768260956,0.33296123147010803,0.3359985947608948,0.0682934820652008,0.07133084535598755,0.7610512125743635,PROFESSIONAL
plantations,3.46,11,3,4.126478716817537,8.333333333333334,5,0.33525511622428894,0.34394198656082153,0.38729748129844666,-0.052042365074157715,-0.008686870336532593,0.7596206761220199,PROFESSIONAL
erstwhile,2.9,9,1,4.494596395305465,1.0,2,0.30098384618759155,0.37926366925239563,0.4518078863620758,-0.15082404017448425,-0.07827982306480408,0.7475039707895835,PROFESSIONAL
nursery,3.89,7,2,2.3085095282937274,9.5,2,0.42033204436302185,0.29968318343162537,0.3509771525859833,0.06935489177703857,0.12064886093139648,0.7457905551538373,PROFESSIONAL
hereby,3.6,6,1,3.3140657180020803,1.0,3,0.35874199867248535,0.3109789788722992,0.3410305678844452,0.01771143078804016,0.04776301980018616,0.7448594381957274,PROFESSIONAL
ing,3.95,3,1,2.184974870175204,0.0,2,0.4660240411758423,0.4712997376918793,0.47871944308280945,-0.012695401906967163,-0.005275696516036987,0.7428821052367519,PROFESSIONAL
maharashtra,3.34,11,3,3.8962198661461427,7.0,3,0.3549741208553314,0.30477651953697205,0.3419260084629059,0.013048112392425537,0.050197601318359375,0.7383522120222055,PROFESSIONAL
robertson,3.87,9,1,2.3500770352865032,12.0,2,0.34380728006362915,0.343103289604187,0.2925591766834259,0.05124810338020325,0.0007039904594421387,0.7374635875594213,PROFESSIONAL
depart,3.67,6,2,2.7747672939393815,2.3333333333333335,2,0.39821627736091614,0.4053470194339752,0.4591897130012512,-0.06097343564033508,-0.007130742073059082,0.7353538259168322,PROFESSIONAL
acre,3.93,4,1,2.2259512552371516,8.0,2,0.39589276909828186,0.37663522362709045,0.4253627359867096,-0.029469966888427734,0.019257545471191406,0.7332486335445426,PROFESSIONAL
contemplation,3.15,13,4,3.9276053064200713,10.0,2,0.3693018853664398,0.37695038318634033,0.4095229506492615,-0.040221065282821655,-0.007648497819900513,0.7264187107693754,PROFESSIONAL
heirs,3.51,5,1,5.224252551715533,10.0,17,0.49527260661125183,0.4516262710094452,0.4676801562309265,0.027592450380325317,0.04364633560180664,0.723686879987322,PROFESSIONAL
invasion,4.23,8,3,1.6372386606461515,9.333333333333334,2,0.3694930374622345,0.3682737350463867,0.40091952681541443,-0.03142648935317993,0.0012193024158477783,0.7206058296206437,PROFESSIONAL
agrarian,3.2,8,2,3.8148758073105857,1.0,2,0.33498528599739075,0.3842589259147644,0.45181891322135925,-0.1168336272239685,-0.04927363991737366,0.7188327548915229,PROFESSIONAL
disposal,4.0,8,3,2.712354099961389,7.0,4,0.32429391145706177,0.3478555381298065,0.4112934470176697,-0.08699953556060791,-0.02356162667274475,0.7181390171667082,PROFESSIONAL
plantation,3.72,10,3,3.3250262653966254,8.333333333333334,4,0.35852107405662537,0.3191879391670227,0.3705310523509979,-0.012009978294372559,0.03933313488960266,0.7177964476766168,PROFESSIONAL
revising,3.18,8,3,4.944401494133704,6.0,6,0.37744566798210144,0.40488800406455994,0.4251694977283478,-0.04772382974624634,-0.027442336082458496,0.7157518650899096,PROFESSIONAL
unauthorised,3.01,12,4,4.6451991785256865,1.0,3,0.3733779788017273,0.41879695653915405,0.48049354553222656,-0.10711556673049927,-0.04541897773742676,0.7115596164572535,PROFESSIONAL
womb,3.63,4,1,2.8613682319101046,9.0,2,0.46266984939575195,0.41973376274108887,0.4199642837047577,0.04270556569099426,0.042936086654663086,0.7109027047863437,PROFESSIONAL
contended,3.14,9,3,6.4580416793642685,5.666666666666667,25,0.44702479243278503,0.45446833968162537,0.420909583568573,0.026115208864212036,-0.007443547248840332,0.7046973914704915,PROFESSIONAL
petitioners,2.82,11,4,5.079280119935938,10.0,3,0.38204941153526306,0.44840341806411743,0.4690028131008148,-0.08695340156555176,-0.06635400652885437,0.7005550451731006,PROFESSIONAL
calcutta,3.52,8,2,3.990711898829425,10.0,5,0.30610039830207825,0.311729371547699,0.3359549939632416,-0.02985459566116333,-0.0056289732456207275,0.6985077270577548,PROFESSIONAL
accorded,3.02,8,3,5.310617553723235,3.0,6,0.3802344799041748,0.45018431544303894,0.47751450538635254,-0.09728002548217773,-0.06994983553886414,0.6978336430743131,PROFESSIONAL
kerala,3.53,6,2,3.7496891259595033,0.0,4,0.3135681450366974,0.30035462975502014,0.34649959206581116,-0.03293144702911377,0.013213515281677246,0.6976947041803238,PROFESSIONAL
reckoning,3.28,9,3,3.6351170918962272,9.333333333333334,2,0.4093649685382843,0.36274221539497375,0.3719820976257324,0.03738287091255188,0.04662275314331055,0.6960601620080985,PROFESSIONAL
bordered,3.16,8,1,4.303767082842346,3.3333333333333335,3,0.32267969846725464,0.3551594614982605,0.3862931430339813,-0.06361344456672668,-0.03247976303100586,0.6849960129108218,PROFESSIONAL
agitated,3.35,8,2,3.8736671836273944,6.666666666666667,3,0.43983137607574463,0.3873524069786072,0.3669406473636627,0.07289072871208191,0.05247896909713745,0.683467714394249,PROFESSIONAL
ordinarily,3.26,10,4,5.450496617691068,1.0,12,0.3071742057800293,0.3761478662490845,0.4335186779499054,-0.1263444721698761,-0.06897366046905518,0.6831884966323215,PROFESSIONAL
allahabad,2.78,9,3,4.768206472014998,0.0,2,0.25444185733795166,0.23058578372001648,0.2607296407222748,-0.00628778338432312,0.02385607361793518,0.6830695561604728,PROFESSIONAL
erroneous,3.22,9,3,4.167612647281566,1.0,3,0.2892068922519684,0.33576497435569763,0.4051065146923065,-0.11589962244033813,-0.04655808210372925,0.6796340063976715,PROFESSIONAL
deed,3.75,4,1,3.651085247510134,6.5,6,0.4822675883769989,0.45379602909088135,0.4613414406776428,0.02092614769935608,0.028471559286117554,0.6672885206744333,PROFESSIONAL
omission,3.3,8,2,5.1774267256929045,7.333333333333333,10,0.3444609045982361,0.359945684671402,0.38562971353530884,-0.041168808937072754,-0.015484780073165894,0.6671765998192968,PROFESSIONAL
revise,3.48,6,2,4.08118736225384,6.333333333333333,5,0.37821894884109497,0.39411449432373047,0.41614189743995667,-0.037922948598861694,-0.015895545482635498,0.6649605266808116,PROFESSIONAL
hospital,5.07,8,3,0.46909694116689715,8.5,2,0.3712823987007141,0.3596416413784027,0.3697008490562439,0.0015815496444702148,0.011640757322311401,0.6611182030667306,PROFESSIONAL
movable,3.15,7,2,4.610858315953122,3.0,4,0.4008491337299347,0.4182151257991791,0.3987842798233032,0.0020648539066314697,-0.017365992069244385,0.6602434132904931,PROFESSIONAL
rankin,3.18,6,1,3.8599350331019533,10.0,2,0.3135843575000763,0.35236766934394836,0.3004603981971741,0.013123959302902222,-0.03878331184387207,0.6587987090977032,PROFESSIONAL
convene,3.04,7,2,4.17647406576581,7.5,2,0.3911225497722626,0.463062584400177,0.5160757899284363,-0.1249532401561737,-0.07194003462791443,0.657608751151556,PROFESSIONAL
festivals,3.87,9,2,2.9943690963208742,7.5,4,0.3309483826160431,0.2973400354385376,0.3306679129600525,0.0002804696559906006,0.03360834717750549,0.6559657132717956,PROFESSIONAL
habitual,3.14,8,3,3.950182840235606,1.0,2,0.3889305889606476,0.3403153419494629,0.3647770881652832,0.02415350079536438,0.04861524701118469,0.655662225304885,PROFESSIONAL
prayed,3.67,6,1,3.436235973731636,6.5,4,0.41681286692619324,0.36743760108947754,0.3273792266845703,0.08943364024162292,0.0493752658367157,0.6516001513792868,PROFESSIONAL
extra,4.98,5,2,0.5518009424508467,10.0,2,0.3902972638607025,0.3352586030960083,0.3452518880367279,0.04504537582397461,0.055038660764694214,0.6375749578584359,PROFESSIONAL
bengal,3.68,6,1,2.753193032821935,7.0,2,0.35467928647994995,0.296753466129303,0.28951603174209595,0.065163254737854,0.05792582035064697,0.6336953976341023,PROFESSIONAL
wills,3.61,5,1,3.966266992827214,7.666666666666667,6,0.44941720366477966,0.4513034522533417,0.4839800298213959,-0.03456282615661621,-0.0018862485885620117,0.6315842505109356,PROFESSIONAL
madras,3.38,6,1,5.255159882212302,8.666666666666666,13,0.2814963459968567,0.2712820768356323,0.301899254322052,-0.020402908325195312,0.010214269161224365,0.630965941999685,PROFESSIONAL
bombay,3.65,6,2,5.4000096415427326,10.0,28,0.380146861076355,0.32033538818359375,0.3842407763004303,-0.004093915224075317,0.05981147289276123,0.6288896564211972,PROFESSIONAL
privy,3.46,5,1,4.707066370455464,6.333333333333333,9,0.3611675798892975,0.38231420516967773,0.43936464190483093,-0.07819706201553345,-0.02114662528038025,0.6248638845508429,PROFESSIONAL
prenatal,3.16,8,3,3.9050380072811177,1.0,2,0.39797520637512207,0.3421803116798401,0.36434751749038696,0.03362768888473511,0.05579489469528198,0.6245854796155593,PROFESSIONAL
bribe,3.5,5,1,3.5368162398109364,6.5,3,0.47735103964805603,0.4689425826072693,0.40329667925834656,0.07405436038970947,0.008408457040786743,0.6231243928857697,PROFESSIONAL
floated,3.41,7,1,3.34494484925734,2.3333333333333335,2,0.3691767752170563,0.33867669105529785,0.3115041255950928,0.0576726496219635,0.030500084161758423,0.6209257674715978,PROFESSIONAL
testament,4.07,9,3,2.3004076589167775,8.0,3,0.28669223189353943,0.37524527311325073,0.4297809302806854,-0.143088698387146,-0.0885530412197113,0.6155515952915671,PROFESSIONAL
yield,4.16,5,1,2.8919365582019987,10.0,7,0.31309789419174194,0.3050213158130646,0.3356306552886963,-0.022532761096954346,0.008076578378677368,0.6150354932316869,PROFESSIONAL
rightly,3.73,7,1,3.846565915823288,1.0,7,0.3290690779685974,0.25344550609588623,0.3162462115287781,0.012822866439819336,0.07562357187271118,0.6130997257388081,PROFESSIONAL
forfeit,3.32,7,2,3.545555631060345,7.666666666666667,2,0.41540855169296265,0.4289650321006775,0.43161940574645996,-0.016210854053497314,-0.013556480407714844,0.6102811046462566,PROFESSIONAL
deducted,3.16,8,3,4.303767082842346,3.3333333333333335,3,0.40136125683784485,0.39947018027305603,0.4042678475379944,-0.002906590700149536,0.0018910765647888184,0.6075248795351113,PROFESSIONAL
disallowing,2.31,11,4,5.844788713545862,10.0,2,0.28963690996170044,0.4046438932418823,0.4211101233959198,-0.13147321343421936,-0.11500698328018188,0.603316455048641,PROFESSIONAL
whichever,3.7,9,1,2.7101400528624406,0.0,2,0.41517600417137146,0.309718519449234,0.3245335817337036,0.09064242243766785,0.10545748472213745,0.603084988203675,PROFESSIONAL
suggests,4.49,8,2,1.1865082224049281,7.333333333333333,2,0.3633545935153961,0.3723216652870178,0.4065689444541931,-0.043214350938797,-0.008967071771621704,0.6022741756020698,PROFESSIONAL
therein,3.42,7,1,5.774038785545992,1.0,24,0.3879406154155731,0.32424819469451904,0.287163108587265,0.1007775068283081,0.06369242072105408,0.5939338935884821,PROFESSIONAL
cashier,3.57,7,2,2.9921163219069147,7.0,2,0.37115907669067383,0.2874991297721863,0.28613144159317017,0.08502763509750366,0.08365994691848755,0.5876099900624303,PROFESSIONAL
alias,3.46,5,2,3.2341089989814433,4.0,2,0.31799572706222534,0.3726687729358673,0.3981165587902069,-0.08012083172798157,-0.05467304587364197,0.5854663382395058,PROFESSIONAL
commencement,3.48,12,3,3.189912218534347,7.666666666666667,2,0.25341829657554626,0.3439441919326782,0.39821258187294006,-0.1447942852973938,-0.09052589535713196,0.5834317929457156,PROFESSIONAL
contends,3.16,8,2,5.143310646930158,5.666666666666667,7,0.45921945571899414,0.4637812077999115,0.40821900963783264,0.0510004460811615,-0.004561752080917358,0.5822037375355945,PROFESSIONAL
britannica,2.74,10,3,4.859562075171068,0.0,2,0.21699537336826324,0.2691442668437958,0.32169994711875916,-0.10470457375049591,-0.05214889347553253,0.5768611219361146,PROFESSIONAL
slip,4.28,4,1,2.757634745713785,9.333333333333334,8,0.41759079694747925,0.3661841154098511,0.3836383819580078,0.033952414989471436,0.051406681537628174,0.5754217353929557,PROFESSIONAL
omissions,3.11,9,2,4.417425236019682,7.333333333333333,3,0.344348669052124,0.38517552614212036,0.3895162343978882,-0.04516756534576416,-0.04082685708999634,0.5680107238440705,PROFESSIONAL
cum,4.04,3,1,2.626634533192973,8.0,4,0.5055195689201355,0.43111222982406616,0.4295943081378937,0.07592526078224182,0.07440733909606934,0.5647841964473649,PROFESSIONAL
dawson,3.76,6,1,2.5817929792788936,10.0,2,0.3810045123100281,0.33391648530960083,0.3264930546283722,0.054511457681655884,0.047088027000427246,0.5594610356906046,PROFESSIONAL
east,5.16,4,1,0.39643759587827754,7.0,2,0.3489645719528198,0.26097097992897034,0.3426978886127472,0.006266683340072632,0.08799359202384949,0.5528205910041512,PROFESSIONAL
multiplicity,2.8,12,4,5.815221436327409,7.0,6,0.25398311018943787,0.32525572180747986,0.3385981619358063,-0.08461505174636841,-0.07127261161804199,0.5488483483923499,PROFESSIONAL
slab,3.49,4,1,4.23799320236898,7.0,6,0.4081296920776367,0.4505556523799896,0.44155994057655334,-0.033430248498916626,-0.042425960302352905,0.545642263284462,PROFESSIONAL
xviii,2.94,5,1,4.804948902768934,4.5,3,0.3404635787010193,0.42270755767822266,0.41792264580726624,-0.07745906710624695,-0.08224397897720337,0.5452980602763277,PROFESSIONAL
harvest,4.03,7,2,2.0232639393126637,9.666666666666666,2,0.4588286876678467,0.36174148321151733,0.4103645980358124,0.0484640896320343,0.09708720445632935,0.5424201527234678,PROFESSIONAL
stocked,3.44,7,1,3.278386046923522,3.6666666666666665,2,0.5189484357833862,0.43296974897384644,0.3928719460964203,0.12607648968696594,0.0859786868095398,0.5270989426115732,PROFESSIONAL
urge,4.11,4,1,2.2179266609949173,6.666666666666667,3,0.45549720525741577,0.37093356251716614,0.41514286398887634,0.04035434126853943,0.08456364274024963,0.5246264145366516,PROFESSIONAL
dispose,3.53,7,2,3.4698181532986667,3.3333333333333335,3,0.35022544860839844,0.3806479573249817,0.42044392228126526,-0.07021847367286682,-0.030422508716583252,0.5185851765707338,PROFESSIONAL
unfold,3.45,6,2,3.256237701299692,4.0,2,0.39302361011505127,0.38666266202926636,0.36966949701309204,0.02335411310195923,0.006360948085784912,0.5171735601237423,PROFESSIONAL
forth,4.4,5,1,1.886957062362933,3.0,4,0.45309022068977356,0.47039133310317993,0.5350897312164307,-0.0819995105266571,-0.017301112413406372,0.5157428834021879,PROFESSIONAL
vii,3.84,3,1,2.4127692540863754,4.5,2,0.47163423895835876,0.4940278232097626,0.47504791617393494,-0.003413677215576172,-0.02239358425140381,0.5149339157956063,PROFESSIONAL
propriety,2.79,9,3,4.745378489537037,6.0,2,0.36301353573799133,0.4543564021587372,0.4949885606765747,-0.13197502493858337,-0.09134286642074585,0.5103919718583376,PROFESSIONAL
runway,3.92,6,2,2.6160894535573327,9.666666666666666,3,0.41896292567253113,0.39453473687171936,0.3988361656665802,0.020126760005950928,0.024428188800811768,0.5059993530928922,PROFESSIONAL
departure,4.22,9,3,1.6558269456746235,7.333333333333333,2,0.445494145154953,0.4407680630683899,0.48128023743629456,-0.03578609228134155,0.00472608208656311,0.5028755408474654,PROFESSIONAL
advance,4.65,7,2,1.212393308669213,7.666666666666667,3,0.4080228805541992,0.44733867049217224,0.4776141941547394,-0.06959131360054016,-0.03931578993797302,0.5004384087385249,PROFESSIONAL
grave,4.31,5,1,1.8191222117787078,8.0,3,0.4042348563671112,0.34607768058776855,0.40348583459854126,0.0007490217685699463,0.05815717577934265,0.49417356582715205,PROFESSIONAL
transfers,4.02,9,2,2.4045784772551246,8.666666666666666,3,0.32868820428848267,0.3316349685192108,0.3448335826396942,-0.016145378351211548,-0.0029467642307281494,0.4741170605688034,PROFESSIONAL
delhi,4.29,5,2,2.4697812032583775,10.0,6,0.3128837049007416,0.3062257170677185,0.31047746539115906,0.0024062395095825195,0.006657987833023071,0.4525126753472102,PROFESSIONAL
demise,3.66,6,2,2.7963725586470494,4.0,2,0.503462553024292,0.46641167998313904,0.4955502152442932,0.00791233777999878,0.037050873041152954,0.4490826475898591,PROFESSIONAL
mills,4.22,5,1,2.4504465768171384,10.0,5,0.36327651143074036,0.2830463945865631,0.2800554633140564,0.08322104811668396,0.08023011684417725,0.44840925011158445,PROFESSIONAL
sums,3.9,4,1,2.658846225856341,6.666666666666667,3,0.3590661585330963,0.3254462480545044,0.2846439480781555,0.0744222104549408,0.03361991047859192,0.44834850214156824,PROFESSIONAL
ministry,4.63,8,2,1.2449655636027581,9.333333333333334,3,0.37437570095062256,0.40861156582832336,0.42140939831733704,-0.04703369736671448,-0.034235864877700806,0.44504591766928775,PROFESSIONAL
